<?xml version="1.0" encoding="UTF-8"?>
<!--This file was created using: Onyx Editor, Version 3.5 (Full, licensed version), (c)2012 BPS Bildungsportal Sachsen GmbH--><assessmentItem xmlns="http://www.imsglobal.org/xsd/imsqti_v2p1" xmlns:xsi="http://www.w3.org/2001/XMLSchema-instance" xsi:schemaLocation="http://www.imsglobal.org/xsd/imsqti_v2p1 imsqti_v2p1.xsd" identifier="10943458001:nojoOXN.8Wy5X1_wctopcode" title="MC03 relative pronouns" adaptive="false" timeDependent="false"><responseDeclaration identifier="RESP_MC" cardinality="multiple" baseType="identifier"><correctResponse><value>MC0</value><value>MC1</value><value>MC2</value><value>MC3</value></correctResponse><mapping defaultValue="0.0" lowerBound="0.0"><mapEntry mapKey="MC0" mappedValue="2.5" /><mapEntry mapKey="MC1" mappedValue="2.5" /><mapEntry mapKey="MC2" mappedValue="2.5" /><mapEntry mapKey="MC3" mappedValue="2.5" /><mapEntry mapKey="MC4" mappedValue="0.0" /><mapEntry mapKey="MC5" mappedValue="0.0" /></mapping></responseDeclaration><outcomeDeclaration identifier="SCORE" cardinality="single" baseType="float"><defaultValue><value>0.0</value></defaultValue></outcomeDeclaration><outcomeDeclaration identifier="MAXSCORE" cardinality="single" baseType="float"><defaultValue><value>10.0</value></defaultValue></outcomeDeclaration><outcomeDeclaration identifier="FEEDBACKBASIC" cardinality="single" baseType="identifier" view="testConstructor"><defaultValue><value>empty</value></defaultValue></outcomeDeclaration><itemBody><p xmlns="">Beschreibung der Frage in Blackboard: Mehrere Antworten - richtige Antwort --&gt; Prozentberechnung (positive Prozente)</p><p xmlns="">Korrektur in Onyx:<br />Bewertung der Gesamtlösung: 10 Punkte für die richtige Lösung (entspricht im Prinzip der Bewertungsform "Alles oder nichts")<br />wurde zu:<br />Bewertung der Teilantworten, jede Antwort 2,5 Punkte</p><p xmlns="">Which of the following sentences are correct?</p><choiceInteraction responseIdentifier="RESP_MC" shuffle="true" maxChoices="0" orientation="vertical"><simpleChoice identifier="MC0">The room we had to spend the night in was filthy.</simpleChoice><simpleChoice identifier="MC1">The room that we had to spend the night in was filthy.</simpleChoice><simpleChoice identifier="MC2">The room which we had to spend the night in was filthy.</simpleChoice><simpleChoice identifier="MC3">The room where we had to spend the night was filthy.</simpleChoice><simpleChoice identifier="MC4">falsche Antwort</simpleChoice><simpleChoice identifier="MC5">falsche Antwort</simpleChoice></choiceInteraction></itemBody><responseProcessing><responseCondition><responseIf><not><isNull><variable identifier="RESP_MC" /></isNull></not><setOutcomeValue identifier="SCORE"><sum><variable identifier="SCORE" /><mapResponse identifier="RESP_MC" /></sum></setOutcomeValue><setOutcomeValue identifier="FEEDBACKBASIC"><baseValue baseType="identifier">incorrect</baseValue></setOutcomeValue></responseIf></responseCondition><responseCondition><responseIf><and><not><match><variable identifier="FEEDBACKBASIC" /><baseValue baseType="identifier">empty</baseValue></match></not><equal toleranceMode="exact"><variable identifier="SCORE" /><variable identifier="MAXSCORE" /></equal></and><setOutcomeValue identifier="FEEDBACKBASIC"><baseValue baseType="identifier">correct</baseValue></setOutcomeValue></responseIf></responseCondition></responseProcessing></assessmentItem>
