<?xml version="1.0" encoding="UTF-8"?>
<!--This file was created using: Onyx Editor, Version 3.5 (Full, licensed version), (c)2012 BPS Bildungsportal Sachsen GmbH--><assessmentItem xmlns="http://www.imsglobal.org/xsd/imsqti_v2p1" xmlns:xsi="http://www.w3.org/2001/XMLSchema-instance" xsi:schemaLocation="http://www.imsglobal.org/xsd/imsqti_v2p1 imsqti_v2p1.xsd" identifier="10943350001:nojoOXN.8Wy5X1_wctopcode" title="MC04 know/have known + since/for" adaptive="false" timeDependent="false"><responseDeclaration identifier="RESP_MC" cardinality="multiple" baseType="identifier"><correctResponse><value>MC0</value><value>MC4</value></correctResponse><mapping defaultValue="0.0" lowerBound="0.0"><mapEntry mapKey="MC0" mappedValue="7.0" /><mapEntry mapKey="MC1" mappedValue="0.0" /><mapEntry mapKey="MC2" mappedValue="0.0" /><mapEntry mapKey="MC3" mappedValue="0.0" /><mapEntry mapKey="MC4" mappedValue="3.0" /><mapEntry mapKey="MC5" mappedValue="0.0" /></mapping></responseDeclaration><outcomeDeclaration identifier="SCORE" cardinality="single" baseType="float"><defaultValue><value>0.0</value></defaultValue></outcomeDeclaration><outcomeDeclaration identifier="MAXSCORE" cardinality="single" baseType="float"><defaultValue><value>10.0</value></defaultValue></outcomeDeclaration><outcomeDeclaration identifier="FEEDBACKBASIC" cardinality="single" baseType="identifier" view="testConstructor"><defaultValue><value>empty</value></defaultValue></outcomeDeclaration><itemBody><p xmlns="">Beschreibung der Frage in Blackboard: Mehrere Antworten - Unterschiedliche Prozente</p><p xmlns="">Korrektur in Onyx: <br />Bewertung der Gesamtlösung: 10 Punkte für die richtige Lösung <br />wurde zu<br />Bewertung der Teilantworten, 7 Punkte für Antwort 1, 3 Punkte für "Richtige Antwort 30%"</p><p xmlns="">Which of the following sentences is correct?</p><choiceInteraction responseIdentifier="RESP_MC" shuffle="true" maxChoices="0" orientation="vertical"><simpleChoice identifier="MC0">I<b xmlns=""> have known</b> her <b xmlns="">for</b> ten years.</simpleChoice><simpleChoice identifier="MC1">I <b xmlns="">know </b>her <b xmlns="">for</b> ten years.</simpleChoice><simpleChoice identifier="MC2">I <b xmlns="">know</b> her <b xmlns="">since</b> ten years.</simpleChoice><simpleChoice identifier="MC3">I <b xmlns="">have known</b> her <b xmlns="">since</b> ten years.</simpleChoice><simpleChoice identifier="MC4">Richtige Antwort 30%</simpleChoice><simpleChoice identifier="MC5">Falsche Antwort</simpleChoice></choiceInteraction></itemBody><responseProcessing><responseCondition><responseIf><not><isNull><variable identifier="RESP_MC" /></isNull></not><setOutcomeValue identifier="SCORE"><sum><variable identifier="SCORE" /><mapResponse identifier="RESP_MC" /></sum></setOutcomeValue><setOutcomeValue identifier="FEEDBACKBASIC"><baseValue baseType="identifier">incorrect</baseValue></setOutcomeValue></responseIf></responseCondition><responseCondition><responseIf><and><not><match><variable identifier="FEEDBACKBASIC" /><baseValue baseType="identifier">empty</baseValue></match></not><equal toleranceMode="exact"><variable identifier="SCORE" /><variable identifier="MAXSCORE" /></equal></and><setOutcomeValue identifier="FEEDBACKBASIC"><baseValue baseType="identifier">correct</baseValue></setOutcomeValue></responseIf></responseCondition></responseProcessing></assessmentItem>
