<?xml version="1.0" encoding="UTF-8"?>
<!--This file was created using: Onyx Editor, Version 3.5 (Full, licensed version), (c)2012 BPS Bildungsportal Sachsen GmbH--><assessmentItem xmlns="http://www.imsglobal.org/xsd/imsqti_v2p1" xmlns:xsi="http://www.w3.org/2001/XMLSchema-instance" xsi:schemaLocation="http://www.imsglobal.org/xsd/imsqti_v2p1 imsqti_v2p1.xsd" identifier="10943250001:nojoOXN.8Wy5X1_wctopcode" title="MC02 relative clauses: punctuation" adaptive="false" timeDependent="false"><responseDeclaration identifier="RESP_MC" cardinality="single" baseType="identifier"><correctResponse><value>MC0</value></correctResponse></responseDeclaration><outcomeDeclaration identifier="SCORE" cardinality="single" baseType="float"><defaultValue><value>0.0</value></defaultValue></outcomeDeclaration><outcomeDeclaration identifier="MAXSCORE" cardinality="single" baseType="float"><defaultValue><value>10.0</value></defaultValue></outcomeDeclaration><outcomeDeclaration identifier="FEEDBACKBASIC" cardinality="single" baseType="identifier"><defaultValue><value>empty</value></defaultValue></outcomeDeclaration><itemBody><p xmlns="">Beschreibung für Frage in Blackboard: Eine Antwort - 100%<br />Anmerkung: Bei dieser Frage kann die Bewertung "Bewertung der Gesamtlösung" bleiben, da es sich nur um eine richtige Antwort handelt. Bei den richtigen Multiple Choice Fragen sollte die Bewertung auf "Bewertung der Teilantworten" umgestellt werden (s. Fragen 3-5).  </p><p xmlns="">Which of the following sentences is punctuated correctly?</p><choiceInteraction responseIdentifier="RESP_MC" shuffle="true" maxChoices="1" orientation="vertical"><simpleChoice identifier="MC0"><i xmlns="">The man whose name is best known in South Africa is probably Nelson Mandela.</i></simpleChoice><simpleChoice identifier="MC1"><i xmlns="">The man, whose name is best known in South Africa, is probably Nelson Mandela.</i></simpleChoice></choiceInteraction></itemBody><responseProcessing><responseCondition><responseIf><isNull><variable identifier="RESP_MC" /></isNull><setOutcomeValue identifier="FEEDBACKBASIC"><baseValue baseType="identifier">empty</baseValue></setOutcomeValue></responseIf><responseElseIf><match><variable identifier="RESP_MC" /><correct identifier="RESP_MC" /></match><setOutcomeValue identifier="SCORE"><sum><variable identifier="SCORE" /><variable identifier="MAXSCORE" /></sum></setOutcomeValue><setOutcomeValue identifier="FEEDBACKBASIC"><baseValue baseType="identifier">correct</baseValue></setOutcomeValue></responseElseIf><responseElse><setOutcomeValue identifier="FEEDBACKBASIC"><baseValue baseType="identifier">incorrect</baseValue></setOutcomeValue></responseElse></responseCondition></responseProcessing></assessmentItem>
