<?xml version="1.0" encoding="UTF-8"?>
<!--This file was created using: Onyx Editor, Version 3.5 (Full, licensed version), (c)2012 BPS Bildungsportal Sachsen GmbH--><assessmentItem xmlns="http://www.imsglobal.org/xsd/imsqti_v2p1" xmlns:xsi="http://www.w3.org/2001/XMLSchema-instance" xsi:schemaLocation="http://www.imsglobal.org/xsd/imsqti_v2p1 imsqti_v2p1.xsd" identifier="10943294001:nojoOXN.8Wy5X1_wctopcode" title="MC05 relative pronouns" adaptive="false" timeDependent="false"><responseDeclaration identifier="RESP_MC" cardinality="multiple" baseType="identifier"><correctResponse><value>MC0</value></correctResponse></responseDeclaration><outcomeDeclaration identifier="SCORE" cardinality="single" baseType="float"><defaultValue><value>0.0</value></defaultValue></outcomeDeclaration><outcomeDeclaration identifier="MAXSCORE" cardinality="single" baseType="float"><defaultValue><value>10.0</value></defaultValue></outcomeDeclaration><outcomeDeclaration identifier="FEEDBACKBASIC" cardinality="single" baseType="identifier"><defaultValue><value>empty</value></defaultValue></outcomeDeclaration><itemBody><p xmlns=""><em>Beschreibung der Frage in Blackboard:  </em>Mehrere Antworten - negative unterschiedliche Prozente. </p><p xmlns="">Korrektur in Onxy: Antworten, die in BB negative Prozente haben, wurden in Onyx als "falsche Antwort" markiert. Damit kenntlich ist, welche Antworten es betrifft, wurde bei den Antworten hinzugefügt, welche negativen Prozentangaben bei welchen Antworten vorliegen.<br />Da es sih nur um eine richtige Antwort handelt, bleibt die Bewertung "Bewertung der Gesamtlösung".</p><p xmlns=""> <em>This is the girl _____ iPod you found.</em> </p><choiceInteraction responseIdentifier="RESP_MC" shuffle="true" maxChoices="0" orientation="vertical"><simpleChoice identifier="MC0">whose</simpleChoice><simpleChoice identifier="MC1">that -100%</simpleChoice><simpleChoice identifier="MC2">- (contact clause) -100%</simpleChoice><simpleChoice identifier="MC3">who -100%</simpleChoice><simpleChoice identifier="MC4">which -100%</simpleChoice><simpleChoice identifier="MC5">whom -100%</simpleChoice><simpleChoice identifier="MC6">-30%</simpleChoice><simpleChoice identifier="MC7">falsche Antwort Wert 0%</simpleChoice></choiceInteraction></itemBody><responseProcessing><responseCondition><responseIf><isNull><variable identifier="RESP_MC" /></isNull><setOutcomeValue identifier="FEEDBACKBASIC"><baseValue baseType="identifier">empty</baseValue></setOutcomeValue></responseIf><responseElseIf><match><variable identifier="RESP_MC" /><correct identifier="RESP_MC" /></match><setOutcomeValue identifier="SCORE"><sum><variable identifier="SCORE" /><variable identifier="MAXSCORE" /></sum></setOutcomeValue><setOutcomeValue identifier="FEEDBACKBASIC"><baseValue baseType="identifier">correct</baseValue></setOutcomeValue></responseElseIf><responseElse><setOutcomeValue identifier="FEEDBACKBASIC"><baseValue baseType="identifier">incorrect</baseValue></setOutcomeValue></responseElse></responseCondition></responseProcessing></assessmentItem>
