<?xml version="1.0" encoding="UTF-8"?>
<!--This file was created using: Onyx Editor, Version 3.5 (Full, licensed version), (c)2012 BPS Bildungsportal Sachsen GmbH--><assessmentTest xmlns="http://www.imsglobal.org/xsd/imsqti_v2p1" xmlns:xsi="http://www.w3.org/2001/XMLSchema-instance" xsi:schemaLocation="http://www.imsglobal.org/xsd/imsqti_v2p1 imsqti_v2p1.xsd" identifier="1407771119001" title="Multiple Choice Fragen"><outcomeDeclaration identifier="SCORE" cardinality="single" baseType="float"><defaultValue><value>0.0</value></defaultValue></outcomeDeclaration><outcomeDeclaration identifier="MAXSCORE" cardinality="single" baseType="float"><defaultValue><value>50.0</value></defaultValue></outcomeDeclaration><timeLimits maxTime="3600.0" /><testPart identifier="testpartID" navigationMode="linear" submissionMode="simultaneous"><assessmentSection identifier="1407771123001" fixed="false" title="1407771123001" visible="true"><assessmentItemRef identifier="10943170001:nojoOXN.8Wy5X1_wctopcode" href="10943170001:nojoOXN.8Wy5X1_wctopcode.xml" fixed="false" /><assessmentItemRef identifier="10943250001:nojoOXN.8Wy5X1_wctopcode" href="10943250001:nojoOXN.8Wy5X1_wctopcode.xml" fixed="false" /><assessmentItemRef identifier="10943458001:nojoOXN.8Wy5X1_wctopcode" href="10943458001:nojoOXN.8Wy5X1_wctopcode.xml" fixed="false" /><assessmentItemRef identifier="10943350001:nojoOXN.8Wy5X1_wctopcode" href="10943350001:nojoOXN.8Wy5X1_wctopcode.xml" fixed="false" /><assessmentItemRef identifier="10943294001:nojoOXN.8Wy5X1_wctopcode" href="10943294001:nojoOXN.8Wy5X1_wctopcode.xml" fixed="false" /></assessmentSection></testPart><outcomeProcessing><setOutcomeValue identifier="SCORE"><sum><testVariables variableIdentifier="SCORE" /></sum></setOutcomeValue></outcomeProcessing></assessmentTest>
