<?xml version="1.0" encoding="UTF-8"?>
<!--This file was created using: Onyx Editor, Version 3.5 (Full, licensed version), (c)2012 BPS Bildungsportal Sachsen GmbH--><imscp:manifest xmlns:imscp="http://www.imsglobal.org/xsd/imscp_v1p1" xmlns:imsmd="http://www.imsglobal.org/xsd/imsmd_v1p2" xmlns:xsi="http://www.w3.org/2001/XMLSchema-instance" xmlns="http://www.imsglobal.org/xsd/imsqti_v2p1" xsi:schemaLocation="http://www.imsglobal.org/xsd/imscp_v1p1 imscp_v1p1.xsd http://www.imsglobal.org/xsd/imsqti_v2p1 imsqti_v2p1.xsd http://www.imsglobal.org/xsd/imsmd_v1p2 imsmd_v1p2p2.xsd" identifier="manifestID"><imscp:organizations /><imscp:resources><imscp:resource identifier="1407771119001" type="imsqti_assessment_xmlv2p1" href="1407771119001.xml"><imsmd:metadata><imsmd:lom><imsmd:general><imsmd:identifier>1407771119001</imsmd:identifier><imsmd:title><imsmd:langstring>Multiple Choice Fragen</imsmd:langstring></imsmd:title></imsmd:general></imsmd:lom></imsmd:metadata><imscp:file href="1407771119001.xml" /><imscp:file href="media/4d0818e03e024ca9bd2da811c622c93d.png" /><imscp:dependency identifierref="10943170001:nojoOXN.8Wy5X1_wctopcode" /><imscp:dependency identifierref="10943250001:nojoOXN.8Wy5X1_wctopcode" /><imscp:dependency identifierref="10943458001:nojoOXN.8Wy5X1_wctopcode" /><imscp:dependency identifierref="10943350001:nojoOXN.8Wy5X1_wctopcode" /><imscp:dependency identifierref="10943294001:nojoOXN.8Wy5X1_wctopcode" /></imscp:resource><imscp:resource identifier="10943170001:nojoOXN.8Wy5X1_wctopcode" type="imsqti_item_xmlv2p1" href="10943170001:nojoOXN.8Wy5X1_wctopcode.xml"><imsmd:metadata><imsmd:lom><imsmd:general><imsmd:identifier>10943170001:nojoOXN.8Wy5X1_wctopcode</imsmd:identifier><imsmd:title><imsmd:langstring>MC01 relative clauses: punctuation</imsmd:langstring></imsmd:title></imsmd:general></imsmd:lom></imsmd:metadata><imscp:file href="10943170001:nojoOXN.8Wy5X1_wctopcode.xml" /></imscp:resource><imscp:resource identifier="10943250001:nojoOXN.8Wy5X1_wctopcode" type="imsqti_item_xmlv2p1" href="10943250001:nojoOXN.8Wy5X1_wctopcode.xml"><imsmd:metadata><imsmd:lom><imsmd:general><imsmd:identifier>10943250001:nojoOXN.8Wy5X1_wctopcode</imsmd:identifier><imsmd:title><imsmd:langstring>MC02 relative clauses: punctuation</imsmd:langstring></imsmd:title></imsmd:general></imsmd:lom></imsmd:metadata><imscp:file href="10943250001:nojoOXN.8Wy5X1_wctopcode.xml" /></imscp:resource><imscp:resource identifier="10943458001:nojoOXN.8Wy5X1_wctopcode" type="imsqti_item_xmlv2p1" href="10943458001:nojoOXN.8Wy5X1_wctopcode.xml"><imsmd:metadata><imsmd:lom><imsmd:general><imsmd:identifier>10943458001:nojoOXN.8Wy5X1_wctopcode</imsmd:identifier><imsmd:title><imsmd:langstring>MC03 relative pronouns</imsmd:langstring></imsmd:title></imsmd:general></imsmd:lom></imsmd:metadata><imscp:file href="10943458001:nojoOXN.8Wy5X1_wctopcode.xml" /></imscp:resource><imscp:resource identifier="10943350001:nojoOXN.8Wy5X1_wctopcode" type="imsqti_item_xmlv2p1" href="10943350001:nojoOXN.8Wy5X1_wctopcode.xml"><imsmd:metadata><imsmd:lom><imsmd:general><imsmd:identifier>10943350001:nojoOXN.8Wy5X1_wctopcode</imsmd:identifier><imsmd:title><imsmd:langstring>MC04 know/have known + since/for</imsmd:langstring></imsmd:title></imsmd:general></imsmd:lom></imsmd:metadata><imscp:file href="10943350001:nojoOXN.8Wy5X1_wctopcode.xml" /></imscp:resource><imscp:resource identifier="10943294001:nojoOXN.8Wy5X1_wctopcode" type="imsqti_item_xmlv2p1" href="10943294001:nojoOXN.8Wy5X1_wctopcode.xml"><imsmd:metadata><imsmd:lom><imsmd:general><imsmd:identifier>10943294001:nojoOXN.8Wy5X1_wctopcode</imsmd:identifier><imsmd:title><imsmd:langstring>MC05 relative pronouns</imsmd:langstring></imsmd:title></imsmd:general></imsmd:lom></imsmd:metadata><imscp:file href="10943294001:nojoOXN.8Wy5X1_wctopcode.xml" /></imscp:resource></imscp:resources></imscp:manifest>
