<?xml version="1.0" encoding="UTF-8"?>
<!--This file was created using: Onyx Editor, Version 3.6 (Full, licensed by Virtueller Campus Rheinland Pfalz), (c)2012 BPS Bildungsportal Sachsen GmbH--><assessmentItem xmlns="http://www.imsglobal.org/xsd/imsqti_v2p1" xmlns:xsi="http://www.w3.org/2001/XMLSchema-instance" xsi:schemaLocation="http://www.imsglobal.org/xsd/imsqti_v2p1 imsqti_v2p1.xsd" identifier="C4_1001755933" title="C4" adaptive="false" timeDependent="false"><responseDeclaration identifier="RESPONSE_10868722" cardinality="multiple" baseType="identifier"><correctResponse><value>choice_1202709228</value></correctResponse></responseDeclaration><outcomeDeclaration identifier="SCORE" cardinality="single" baseType="float"><defaultValue><value>0</value></defaultValue></outcomeDeclaration><outcomeDeclaration identifier="MAXSCORE" cardinality="single" baseType="float"><defaultValue><value>0</value></defaultValue></outcomeDeclaration><outcomeDeclaration identifier="FEEDBACKBASIC" cardinality="single" baseType="identifier"><defaultValue><value>empty</value></defaultValue></outcomeDeclaration><itemBody><span xmlns="" style="line-height: 115%; font-family: &quot;Times New Roman&quot;,&quot;serif&quot;; font-size: 12pt">Daten systematisch ordnen</span><choiceInteraction responseIdentifier="RESPONSE_10868722" shuffle="false" maxChoices="0"><simpleChoice identifier="choice_1202709228">1</simpleChoice><simpleChoice identifier="choice_1877074253">2</simpleChoice><simpleChoice identifier="choice_986672526">3</simpleChoice><simpleChoice identifier="choice_1590072735">4</simpleChoice><simpleChoice identifier="choice_1664623694">5</simpleChoice></choiceInteraction></itemBody><responseProcessing><responseCondition><responseIf><isNull><variable identifier="RESPONSE_10868722" /></isNull><setOutcomeValue identifier="FEEDBACKBASIC"><baseValue baseType="identifier">empty</baseValue></setOutcomeValue></responseIf><responseElseIf><match><variable identifier="RESPONSE_10868722" /><correct identifier="RESPONSE_10868722" /></match><setOutcomeValue identifier="SCORE"><sum><variable identifier="SCORE" /><variable identifier="MAXSCORE" /></sum></setOutcomeValue><setOutcomeValue identifier="FEEDBACKBASIC"><baseValue baseType="identifier">correct</baseValue></setOutcomeValue></responseElseIf><responseElse><setOutcomeValue identifier="FEEDBACKBASIC"><baseValue baseType="identifier">incorrect</baseValue></setOutcomeValue></responseElse></responseCondition></responseProcessing></assessmentItem>
