<?xml version="1.0" encoding="UTF-8"?>
<!--This file was created using: Onyx Editor, Version 3.6 (Full, licensed by Virtueller Campus Rheinland Pfalz), (c)2012 BPS Bildungsportal Sachsen GmbH--><assessmentItem xmlns="http://www.imsglobal.org/xsd/imsqti_v2p1" xmlns:xsi="http://www.w3.org/2001/XMLSchema-instance" xsi:schemaLocation="http://www.imsglobal.org/xsd/imsqti_v2p1 imsqti_v2p1.xsd" identifier="I5_2064637335" title="I5" adaptive="false" timeDependent="false"><responseDeclaration identifier="RESPONSE_27758705" cardinality="multiple" baseType="identifier"><correctResponse><value>choice_1413534144</value></correctResponse></responseDeclaration><outcomeDeclaration identifier="SCORE" cardinality="single" baseType="float"><defaultValue><value>0</value></defaultValue></outcomeDeclaration><outcomeDeclaration identifier="MAXSCORE" cardinality="single" baseType="float"><defaultValue><value>0</value></defaultValue></outcomeDeclaration><outcomeDeclaration identifier="FEEDBACKBASIC" cardinality="single" baseType="identifier"><defaultValue><value>empty</value></defaultValue></outcomeDeclaration><itemBody><span xmlns="" style="line-height: 115%; font-family: &quot;Times New Roman&quot;,&quot;serif&quot;; font-size: 12pt">Langfristig arbeiten bis ein Resultat erreicht ist</span><choiceInteraction responseIdentifier="RESPONSE_27758705" shuffle="false" maxChoices="0"><simpleChoice identifier="choice_1413534144">1</simpleChoice><simpleChoice identifier="choice_804165571">2</simpleChoice><simpleChoice identifier="choice_1688762871">3</simpleChoice><simpleChoice identifier="choice_1817283515">4</simpleChoice><simpleChoice identifier="choice_1490726198">5</simpleChoice></choiceInteraction></itemBody><responseProcessing><responseCondition><responseIf><isNull><variable identifier="RESPONSE_27758705" /></isNull><setOutcomeValue identifier="FEEDBACKBASIC"><baseValue baseType="identifier">empty</baseValue></setOutcomeValue></responseIf><responseElseIf><match><variable identifier="RESPONSE_27758705" /><correct identifier="RESPONSE_27758705" /></match><setOutcomeValue identifier="SCORE"><sum><variable identifier="SCORE" /><variable identifier="MAXSCORE" /></sum></setOutcomeValue><setOutcomeValue identifier="FEEDBACKBASIC"><baseValue baseType="identifier">correct</baseValue></setOutcomeValue></responseElseIf><responseElse><setOutcomeValue identifier="FEEDBACKBASIC"><baseValue baseType="identifier">incorrect</baseValue></setOutcomeValue></responseElse></responseCondition></responseProcessing></assessmentItem>
