<?xml version="1.0" encoding="UTF-8"?>
<!--This file was created using: Onyx Editor, Version 3.6 (Full, licensed by Virtueller Campus Rheinland Pfalz), (c)2012 BPS Bildungsportal Sachsen GmbH--><imscp:manifest xmlns:imscp="http://www.imsglobal.org/xsd/imscp_v1p1" xmlns:imsmd="http://www.imsglobal.org/xsd/imsmd_v1p2p2" xmlns:xsi="http://www.w3.org/2001/XMLSchema-instance" xmlns="http://www.imsglobal.org/xsd/imsqti_v2p1" xsi:schemaLocation="http://www.imsglobal.org/xsd/imscp_v1p1 imscp_v1p1.xsd http://www.imsglobal.org/xsd/imsqti_v2p1 imsqti_v2p1.xsd http://www.imsglobal.org/xsd/imsmd_v1p2p2 imsmd_v1p2p2.xsd" identifier="manifestID"><imscp:organizations /><imscp:resources><imscp:resource identifier="Interessen_1157524956" type="imsqti_assessment_xmlv2p1" href="Interessen_1157524956.xml"><imsmd:metadata><imsmd:lom><imsmd:general><imsmd:identifier>Interessen_1157524956</imsmd:identifier><imsmd:title><imsmd:langstring>Interessen</imsmd:langstring></imsmd:title><imsmd:language>de</imsmd:language></imsmd:general><imsmd:lifecycle><imsmd:contribute><imsmd:role><imsmd:source><imsmd:langstring lang="en">LOMv1.0</imsmd:langstring></imsmd:source><imsmd:value><imsmd:langstring lang="en">author</imsmd:langstring></imsmd:value></imsmd:role><imsmd:entity><imsmd:vcard>BEGIN:VCARD VERSION:3.0 N:hiwi; FN: hiwi ORG: URL: TITLE: TEL;TYPE=WORK,VOICE: ADR;TYPE=intl,postal,parcel,work:;;;;;;EMAIL;TYPE=PREF,INTERNET: END:VCARD</imsmd:vcard></imsmd:entity></imsmd:contribute></imsmd:lifecycle></imsmd:lom></imsmd:metadata><imscp:file href="Interessen_1157524956.xml" /><imscp:dependency identifierref="R2_212521311" /><imscp:dependency identifierref="R8_572635356" /><imscp:dependency identifierref="R1_2028117390" /><imscp:dependency identifierref="R3_1131416971" /><imscp:dependency identifierref="R4_1241119032" /><imscp:dependency identifierref="R5_566860661" /><imscp:dependency identifierref="R6_159716776" /><imscp:dependency identifierref="R7_118227763" /><imscp:dependency identifierref="I1_1777180741" /><imscp:dependency identifierref="I2_36557640" /><imscp:dependency identifierref="I3_1201982017" /><imscp:dependency identifierref="I4_155685036" /><imscp:dependency identifierref="I5_2064637335" /><imscp:dependency identifierref="I6_647855690" /><imscp:dependency identifierref="I7_343210707" /><imscp:dependency identifierref="I8_1599278315" /><imscp:dependency identifierref="A1_1535375877" /><imscp:dependency identifierref="A2_47731765" /><imscp:dependency identifierref="A3_927872546" /><imscp:dependency identifierref="A4_989412712" /><imscp:dependency identifierref="A5_7557292" /><imscp:dependency identifierref="A6_116675276" /><imscp:dependency identifierref="A7_964541072" /><imscp:dependency identifierref="A8_826324464" /><imscp:dependency identifierref="S1_1386879002" /><imscp:dependency identifierref="S2_993339301" /><imscp:dependency identifierref="S3_646840363" /><imscp:dependency identifierref="S4_229123849" /><imscp:dependency identifierref="S5_369018825" /><imscp:dependency identifierref="S6_201849638" /><imscp:dependency identifierref="S7_891550080" /><imscp:dependency identifierref="S8_507263161" /><imscp:dependency identifierref="E1_1597368058" /><imscp:dependency identifierref="E2_741386298" /><imscp:dependency identifierref="E3_213562421" /><imscp:dependency identifierref="E4_643319795" /><imscp:dependency identifierref="E5_1088722969" /><imscp:dependency identifierref="E6_911659888" /><imscp:dependency identifierref="E7_1625858697" /><imscp:dependency identifierref="E8_193138532" /><imscp:dependency identifierref="C1_1721127572" /><imscp:dependency identifierref="C2_785827647" /><imscp:dependency identifierref="C3_518341443" /><imscp:dependency identifierref="C4_1001755933" /><imscp:dependency identifierref="C5_1271696533" /><imscp:dependency identifierref="C6_1008390055" /><imscp:dependency identifierref="C7_1327523853" /><imscp:dependency identifierref="C8_1540517701" /></imscp:resource><imscp:resource identifier="R2_212521311" type="imsqti_item_xmlv2p1" href="R2_212521311.xml"><imsmd:metadata><imsmd:lom><imsmd:general><imsmd:identifier>R2_212521311</imsmd:identifier><imsmd:title><imsmd:langstring>R1</imsmd:langstring></imsmd:title><imsmd:language>de</imsmd:language><imsmd:description><imsmd:langstring>zutreffender Wert soll auf Skala ausgewählt werden</imsmd:langstring></imsmd:description></imsmd:general><imsmd:lifecycle><imsmd:contribute><imsmd:role><imsmd:source><imsmd:langstring lang="en">LOMv1.0</imsmd:langstring></imsmd:source><imsmd:value><imsmd:langstring lang="en">author</imsmd:langstring></imsmd:value></imsmd:role><imsmd:entity><imsmd:vcard>BEGIN:VCARD VERSION:3.0 N:hiwi; FN: hiwi ORG: URL: TITLE: TEL;TYPE=WORK,VOICE: ADR;TYPE=intl,postal,parcel,work:;;;;;;EMAIL;TYPE=PREF,INTERNET: END:VCARD</imsmd:vcard></imsmd:entity></imsmd:contribute></imsmd:lifecycle></imsmd:lom></imsmd:metadata><imscp:file href="R2_212521311.xml" /></imscp:resource><imscp:resource identifier="R8_572635356" type="imsqti_item_xmlv2p1" href="R8_572635356.xml"><imsmd:metadata><imsmd:lom><imsmd:general><imsmd:identifier>R8_572635356</imsmd:identifier><imsmd:title><imsmd:langstring>R2</imsmd:langstring></imsmd:title><imsmd:language>de</imsmd:language></imsmd:general><imsmd:lifecycle><imsmd:contribute><imsmd:role><imsmd:source><imsmd:langstring lang="en">LOMv1.0</imsmd:langstring></imsmd:source><imsmd:value><imsmd:langstring lang="en">author</imsmd:langstring></imsmd:value></imsmd:role><imsmd:entity><imsmd:vcard>BEGIN:VCARD VERSION:3.0 N:hiwi; FN: hiwi ORG: URL: TITLE: TEL;TYPE=WORK,VOICE: ADR;TYPE=intl,postal,parcel,work:;;;;;;EMAIL;TYPE=PREF,INTERNET: END:VCARD</imsmd:vcard></imsmd:entity></imsmd:contribute></imsmd:lifecycle></imsmd:lom></imsmd:metadata><imscp:file href="R8_572635356.xml" /></imscp:resource><imscp:resource identifier="R1_2028117390" type="imsqti_item_xmlv2p1" href="R1_2028117390.xml"><imsmd:metadata><imsmd:lom><imsmd:general><imsmd:identifier>R1_2028117390</imsmd:identifier><imsmd:title><imsmd:langstring>R3</imsmd:langstring></imsmd:title><imsmd:language>de</imsmd:language><imsmd:description><imsmd:langstring>zutreffender Wert soll auf Skala ausgewählt werden</imsmd:langstring></imsmd:description></imsmd:general><imsmd:lifecycle><imsmd:contribute><imsmd:role><imsmd:source><imsmd:langstring lang="en">LOMv1.0</imsmd:langstring></imsmd:source><imsmd:value><imsmd:langstring lang="en">author</imsmd:langstring></imsmd:value></imsmd:role><imsmd:entity><imsmd:vcard>BEGIN:VCARD VERSION:3.0 N:hiwi; FN: hiwi ORG: URL: TITLE: TEL;TYPE=WORK,VOICE: ADR;TYPE=intl,postal,parcel,work:;;;;;;EMAIL;TYPE=PREF,INTERNET: END:VCARD</imsmd:vcard></imsmd:entity></imsmd:contribute></imsmd:lifecycle></imsmd:lom></imsmd:metadata><imscp:file href="R1_2028117390.xml" /></imscp:resource><imscp:resource identifier="R3_1131416971" type="imsqti_item_xmlv2p1" href="R3_1131416971.xml"><imsmd:metadata><imsmd:lom><imsmd:general><imsmd:identifier>R3_1131416971</imsmd:identifier><imsmd:title><imsmd:langstring>R4</imsmd:langstring></imsmd:title><imsmd:language>de</imsmd:language></imsmd:general><imsmd:lifecycle><imsmd:contribute><imsmd:role><imsmd:source><imsmd:langstring lang="en">LOMv1.0</imsmd:langstring></imsmd:source><imsmd:value><imsmd:langstring lang="en">author</imsmd:langstring></imsmd:value></imsmd:role><imsmd:entity><imsmd:vcard>BEGIN:VCARD VERSION:3.0 N:hiwi; FN: hiwi ORG: URL: TITLE: TEL;TYPE=WORK,VOICE: ADR;TYPE=intl,postal,parcel,work:;;;;;;EMAIL;TYPE=PREF,INTERNET: END:VCARD</imsmd:vcard></imsmd:entity></imsmd:contribute></imsmd:lifecycle></imsmd:lom></imsmd:metadata><imscp:file href="R3_1131416971.xml" /></imscp:resource><imscp:resource identifier="R4_1241119032" type="imsqti_item_xmlv2p1" href="R4_1241119032.xml"><imsmd:metadata><imsmd:lom><imsmd:general><imsmd:identifier>R4_1241119032</imsmd:identifier><imsmd:title><imsmd:langstring>R5</imsmd:langstring></imsmd:title><imsmd:language>de</imsmd:language></imsmd:general><imsmd:lifecycle><imsmd:contribute><imsmd:role><imsmd:source><imsmd:langstring lang="en">LOMv1.0</imsmd:langstring></imsmd:source><imsmd:value><imsmd:langstring lang="en">author</imsmd:langstring></imsmd:value></imsmd:role><imsmd:entity><imsmd:vcard>BEGIN:VCARD VERSION:3.0 N:hiwi; FN: hiwi ORG: URL: TITLE: TEL;TYPE=WORK,VOICE: ADR;TYPE=intl,postal,parcel,work:;;;;;;EMAIL;TYPE=PREF,INTERNET: END:VCARD</imsmd:vcard></imsmd:entity></imsmd:contribute></imsmd:lifecycle></imsmd:lom></imsmd:metadata><imscp:file href="R4_1241119032.xml" /></imscp:resource><imscp:resource identifier="R5_566860661" type="imsqti_item_xmlv2p1" href="R5_566860661.xml"><imsmd:metadata><imsmd:lom><imsmd:general><imsmd:identifier>R5_566860661</imsmd:identifier><imsmd:title><imsmd:langstring>R6</imsmd:langstring></imsmd:title><imsmd:language>de</imsmd:language></imsmd:general><imsmd:lifecycle><imsmd:contribute><imsmd:role><imsmd:source><imsmd:langstring lang="en">LOMv1.0</imsmd:langstring></imsmd:source><imsmd:value><imsmd:langstring lang="en">author</imsmd:langstring></imsmd:value></imsmd:role><imsmd:entity><imsmd:vcard>BEGIN:VCARD VERSION:3.0 N:hiwi; FN: hiwi ORG: URL: TITLE: TEL;TYPE=WORK,VOICE: ADR;TYPE=intl,postal,parcel,work:;;;;;;EMAIL;TYPE=PREF,INTERNET: END:VCARD</imsmd:vcard></imsmd:entity></imsmd:contribute></imsmd:lifecycle></imsmd:lom></imsmd:metadata><imscp:file href="R5_566860661.xml" /></imscp:resource><imscp:resource identifier="R6_159716776" type="imsqti_item_xmlv2p1" href="R6_159716776.xml"><imsmd:metadata><imsmd:lom><imsmd:general><imsmd:identifier>R6_159716776</imsmd:identifier><imsmd:title><imsmd:langstring>R7</imsmd:langstring></imsmd:title><imsmd:language>de</imsmd:language></imsmd:general><imsmd:lifecycle><imsmd:contribute><imsmd:role><imsmd:source><imsmd:langstring lang="en">LOMv1.0</imsmd:langstring></imsmd:source><imsmd:value><imsmd:langstring lang="en">author</imsmd:langstring></imsmd:value></imsmd:role><imsmd:entity><imsmd:vcard>BEGIN:VCARD VERSION:3.0 N:hiwi; FN: hiwi ORG: URL: TITLE: TEL;TYPE=WORK,VOICE: ADR;TYPE=intl,postal,parcel,work:;;;;;;EMAIL;TYPE=PREF,INTERNET: END:VCARD</imsmd:vcard></imsmd:entity></imsmd:contribute></imsmd:lifecycle></imsmd:lom></imsmd:metadata><imscp:file href="R6_159716776.xml" /></imscp:resource><imscp:resource identifier="R7_118227763" type="imsqti_item_xmlv2p1" href="R7_118227763.xml"><imsmd:metadata><imsmd:lom><imsmd:general><imsmd:identifier>R7_118227763</imsmd:identifier><imsmd:title><imsmd:langstring>R8</imsmd:langstring></imsmd:title><imsmd:language>de</imsmd:language></imsmd:general><imsmd:lifecycle><imsmd:contribute><imsmd:role><imsmd:source><imsmd:langstring lang="en">LOMv1.0</imsmd:langstring></imsmd:source><imsmd:value><imsmd:langstring lang="en">author</imsmd:langstring></imsmd:value></imsmd:role><imsmd:entity><imsmd:vcard>BEGIN:VCARD VERSION:3.0 N:hiwi; FN: hiwi ORG: URL: TITLE: TEL;TYPE=WORK,VOICE: ADR;TYPE=intl,postal,parcel,work:;;;;;;EMAIL;TYPE=PREF,INTERNET: END:VCARD</imsmd:vcard></imsmd:entity></imsmd:contribute></imsmd:lifecycle></imsmd:lom></imsmd:metadata><imscp:file href="R7_118227763.xml" /></imscp:resource><imscp:resource identifier="I1_1777180741" type="imsqti_item_xmlv2p1" href="I1_1777180741.xml"><imsmd:metadata><imsmd:lom><imsmd:general><imsmd:identifier>I1_1777180741</imsmd:identifier><imsmd:title><imsmd:langstring>I1</imsmd:langstring></imsmd:title><imsmd:language>de</imsmd:language></imsmd:general><imsmd:lifecycle><imsmd:contribute><imsmd:role><imsmd:source><imsmd:langstring lang="en">LOMv1.0</imsmd:langstring></imsmd:source><imsmd:value><imsmd:langstring lang="en">author</imsmd:langstring></imsmd:value></imsmd:role><imsmd:entity><imsmd:vcard>BEGIN:VCARD VERSION:3.0 N:hiwi; FN: hiwi ORG: URL: TITLE: TEL;TYPE=WORK,VOICE: ADR;TYPE=intl,postal,parcel,work:;;;;;;EMAIL;TYPE=PREF,INTERNET: END:VCARD</imsmd:vcard></imsmd:entity></imsmd:contribute></imsmd:lifecycle></imsmd:lom></imsmd:metadata><imscp:file href="I1_1777180741.xml" /></imscp:resource><imscp:resource identifier="I2_36557640" type="imsqti_item_xmlv2p1" href="I2_36557640.xml"><imsmd:metadata><imsmd:lom><imsmd:general><imsmd:identifier>I2_36557640</imsmd:identifier><imsmd:title><imsmd:langstring>I2</imsmd:langstring></imsmd:title><imsmd:language>de</imsmd:language></imsmd:general><imsmd:lifecycle><imsmd:contribute><imsmd:role><imsmd:source><imsmd:langstring lang="en">LOMv1.0</imsmd:langstring></imsmd:source><imsmd:value><imsmd:langstring lang="en">author</imsmd:langstring></imsmd:value></imsmd:role><imsmd:entity><imsmd:vcard>BEGIN:VCARD VERSION:3.0 N:hiwi; FN: hiwi ORG: URL: TITLE: TEL;TYPE=WORK,VOICE: ADR;TYPE=intl,postal,parcel,work:;;;;;;EMAIL;TYPE=PREF,INTERNET: END:VCARD</imsmd:vcard></imsmd:entity></imsmd:contribute></imsmd:lifecycle></imsmd:lom></imsmd:metadata><imscp:file href="I2_36557640.xml" /></imscp:resource><imscp:resource identifier="I3_1201982017" type="imsqti_item_xmlv2p1" href="I3_1201982017.xml"><imsmd:metadata><imsmd:lom><imsmd:general><imsmd:identifier>I3_1201982017</imsmd:identifier><imsmd:title><imsmd:langstring>I3</imsmd:langstring></imsmd:title><imsmd:language>de</imsmd:language></imsmd:general><imsmd:lifecycle><imsmd:contribute><imsmd:role><imsmd:source><imsmd:langstring lang="en">LOMv1.0</imsmd:langstring></imsmd:source><imsmd:value><imsmd:langstring lang="en">author</imsmd:langstring></imsmd:value></imsmd:role><imsmd:entity><imsmd:vcard>BEGIN:VCARD VERSION:3.0 N:hiwi; FN: hiwi ORG: URL: TITLE: TEL;TYPE=WORK,VOICE: ADR;TYPE=intl,postal,parcel,work:;;;;;;EMAIL;TYPE=PREF,INTERNET: END:VCARD</imsmd:vcard></imsmd:entity></imsmd:contribute></imsmd:lifecycle></imsmd:lom></imsmd:metadata><imscp:file href="I3_1201982017.xml" /></imscp:resource><imscp:resource identifier="I4_155685036" type="imsqti_item_xmlv2p1" href="I4_155685036.xml"><imsmd:metadata><imsmd:lom><imsmd:general><imsmd:identifier>I4_155685036</imsmd:identifier><imsmd:title><imsmd:langstring>I4</imsmd:langstring></imsmd:title><imsmd:language>de</imsmd:language></imsmd:general><imsmd:lifecycle><imsmd:contribute><imsmd:role><imsmd:source><imsmd:langstring lang="en">LOMv1.0</imsmd:langstring></imsmd:source><imsmd:value><imsmd:langstring lang="en">author</imsmd:langstring></imsmd:value></imsmd:role><imsmd:entity><imsmd:vcard>BEGIN:VCARD VERSION:3.0 N:hiwi; FN: hiwi ORG: URL: TITLE: TEL;TYPE=WORK,VOICE: ADR;TYPE=intl,postal,parcel,work:;;;;;;EMAIL;TYPE=PREF,INTERNET: END:VCARD</imsmd:vcard></imsmd:entity></imsmd:contribute></imsmd:lifecycle></imsmd:lom></imsmd:metadata><imscp:file href="I4_155685036.xml" /></imscp:resource><imscp:resource identifier="I5_2064637335" type="imsqti_item_xmlv2p1" href="I5_2064637335.xml"><imsmd:metadata><imsmd:lom><imsmd:general><imsmd:identifier>I5_2064637335</imsmd:identifier><imsmd:title><imsmd:langstring>I5</imsmd:langstring></imsmd:title><imsmd:language>de</imsmd:language></imsmd:general><imsmd:lifecycle><imsmd:contribute><imsmd:role><imsmd:source><imsmd:langstring lang="en">LOMv1.0</imsmd:langstring></imsmd:source><imsmd:value><imsmd:langstring lang="en">author</imsmd:langstring></imsmd:value></imsmd:role><imsmd:entity><imsmd:vcard>BEGIN:VCARD VERSION:3.0 N:hiwi; FN: hiwi ORG: URL: TITLE: TEL;TYPE=WORK,VOICE: ADR;TYPE=intl,postal,parcel,work:;;;;;;EMAIL;TYPE=PREF,INTERNET: END:VCARD</imsmd:vcard></imsmd:entity></imsmd:contribute></imsmd:lifecycle></imsmd:lom></imsmd:metadata><imscp:file href="I5_2064637335.xml" /></imscp:resource><imscp:resource identifier="I6_647855690" type="imsqti_item_xmlv2p1" href="I6_647855690.xml"><imsmd:metadata><imsmd:lom><imsmd:general><imsmd:identifier>I6_647855690</imsmd:identifier><imsmd:title><imsmd:langstring>I6</imsmd:langstring></imsmd:title><imsmd:language>de</imsmd:language></imsmd:general><imsmd:lifecycle><imsmd:contribute><imsmd:role><imsmd:source><imsmd:langstring lang="en">LOMv1.0</imsmd:langstring></imsmd:source><imsmd:value><imsmd:langstring lang="en">author</imsmd:langstring></imsmd:value></imsmd:role><imsmd:entity><imsmd:vcard>BEGIN:VCARD VERSION:3.0 N:hiwi; FN: hiwi ORG: URL: TITLE: TEL;TYPE=WORK,VOICE: ADR;TYPE=intl,postal,parcel,work:;;;;;;EMAIL;TYPE=PREF,INTERNET: END:VCARD</imsmd:vcard></imsmd:entity></imsmd:contribute></imsmd:lifecycle></imsmd:lom></imsmd:metadata><imscp:file href="I6_647855690.xml" /></imscp:resource><imscp:resource identifier="I7_343210707" type="imsqti_item_xmlv2p1" href="I7_343210707.xml"><imsmd:metadata><imsmd:lom><imsmd:general><imsmd:identifier>I7_343210707</imsmd:identifier><imsmd:title><imsmd:langstring>I7</imsmd:langstring></imsmd:title><imsmd:language>de</imsmd:language></imsmd:general><imsmd:lifecycle><imsmd:contribute><imsmd:role><imsmd:source><imsmd:langstring lang="en">LOMv1.0</imsmd:langstring></imsmd:source><imsmd:value><imsmd:langstring lang="en">author</imsmd:langstring></imsmd:value></imsmd:role><imsmd:entity><imsmd:vcard>BEGIN:VCARD VERSION:3.0 N:hiwi; FN: hiwi ORG: URL: TITLE: TEL;TYPE=WORK,VOICE: ADR;TYPE=intl,postal,parcel,work:;;;;;;EMAIL;TYPE=PREF,INTERNET: END:VCARD</imsmd:vcard></imsmd:entity></imsmd:contribute></imsmd:lifecycle></imsmd:lom></imsmd:metadata><imscp:file href="I7_343210707.xml" /></imscp:resource><imscp:resource identifier="I8_1599278315" type="imsqti_item_xmlv2p1" href="I8_1599278315.xml"><imsmd:metadata><imsmd:lom><imsmd:general><imsmd:identifier>I8_1599278315</imsmd:identifier><imsmd:title><imsmd:langstring>I8</imsmd:langstring></imsmd:title><imsmd:language>de</imsmd:language></imsmd:general><imsmd:lifecycle><imsmd:contribute><imsmd:role><imsmd:source><imsmd:langstring lang="en">LOMv1.0</imsmd:langstring></imsmd:source><imsmd:value><imsmd:langstring lang="en">author</imsmd:langstring></imsmd:value></imsmd:role><imsmd:entity><imsmd:vcard>BEGIN:VCARD VERSION:3.0 N:hiwi; FN: hiwi ORG: URL: TITLE: TEL;TYPE=WORK,VOICE: ADR;TYPE=intl,postal,parcel,work:;;;;;;EMAIL;TYPE=PREF,INTERNET: END:VCARD</imsmd:vcard></imsmd:entity></imsmd:contribute></imsmd:lifecycle></imsmd:lom></imsmd:metadata><imscp:file href="I8_1599278315.xml" /></imscp:resource><imscp:resource identifier="A1_1535375877" type="imsqti_item_xmlv2p1" href="A1_1535375877.xml"><imsmd:metadata><imsmd:lom><imsmd:general><imsmd:identifier>A1_1535375877</imsmd:identifier><imsmd:title><imsmd:langstring>A1</imsmd:langstring></imsmd:title><imsmd:language>de</imsmd:language></imsmd:general><imsmd:lifecycle><imsmd:contribute><imsmd:role><imsmd:source><imsmd:langstring lang="en">LOMv1.0</imsmd:langstring></imsmd:source><imsmd:value><imsmd:langstring lang="en">author</imsmd:langstring></imsmd:value></imsmd:role><imsmd:entity><imsmd:vcard>BEGIN:VCARD VERSION:3.0 N:hiwi; FN: hiwi ORG: URL: TITLE: TEL;TYPE=WORK,VOICE: ADR;TYPE=intl,postal,parcel,work:;;;;;;EMAIL;TYPE=PREF,INTERNET: END:VCARD</imsmd:vcard></imsmd:entity></imsmd:contribute></imsmd:lifecycle></imsmd:lom></imsmd:metadata><imscp:file href="A1_1535375877.xml" /></imscp:resource><imscp:resource identifier="A2_47731765" type="imsqti_item_xmlv2p1" href="A2_47731765.xml"><imsmd:metadata><imsmd:lom><imsmd:general><imsmd:identifier>A2_47731765</imsmd:identifier><imsmd:title><imsmd:langstring>A2</imsmd:langstring></imsmd:title><imsmd:language>de</imsmd:language></imsmd:general><imsmd:lifecycle><imsmd:contribute><imsmd:role><imsmd:source><imsmd:langstring lang="en">LOMv1.0</imsmd:langstring></imsmd:source><imsmd:value><imsmd:langstring lang="en">author</imsmd:langstring></imsmd:value></imsmd:role><imsmd:entity><imsmd:vcard>BEGIN:VCARD VERSION:3.0 N:hiwi; FN: hiwi ORG: URL: TITLE: TEL;TYPE=WORK,VOICE: ADR;TYPE=intl,postal,parcel,work:;;;;;;EMAIL;TYPE=PREF,INTERNET: END:VCARD</imsmd:vcard></imsmd:entity></imsmd:contribute></imsmd:lifecycle></imsmd:lom></imsmd:metadata><imscp:file href="A2_47731765.xml" /></imscp:resource><imscp:resource identifier="A3_927872546" type="imsqti_item_xmlv2p1" href="A3_927872546.xml"><imsmd:metadata><imsmd:lom><imsmd:general><imsmd:identifier>A3_927872546</imsmd:identifier><imsmd:title><imsmd:langstring>A3</imsmd:langstring></imsmd:title><imsmd:language>de</imsmd:language></imsmd:general><imsmd:lifecycle><imsmd:contribute><imsmd:role><imsmd:source><imsmd:langstring lang="en">LOMv1.0</imsmd:langstring></imsmd:source><imsmd:value><imsmd:langstring lang="en">author</imsmd:langstring></imsmd:value></imsmd:role><imsmd:entity><imsmd:vcard>BEGIN:VCARD VERSION:3.0 N:hiwi; FN: hiwi ORG: URL: TITLE: TEL;TYPE=WORK,VOICE: ADR;TYPE=intl,postal,parcel,work:;;;;;;EMAIL;TYPE=PREF,INTERNET: END:VCARD</imsmd:vcard></imsmd:entity></imsmd:contribute></imsmd:lifecycle></imsmd:lom></imsmd:metadata><imscp:file href="A3_927872546.xml" /></imscp:resource><imscp:resource identifier="A4_989412712" type="imsqti_item_xmlv2p1" href="A4_989412712.xml"><imsmd:metadata><imsmd:lom><imsmd:general><imsmd:identifier>A4_989412712</imsmd:identifier><imsmd:title><imsmd:langstring>A4</imsmd:langstring></imsmd:title><imsmd:language>de</imsmd:language></imsmd:general><imsmd:lifecycle><imsmd:contribute><imsmd:role><imsmd:source><imsmd:langstring lang="en">LOMv1.0</imsmd:langstring></imsmd:source><imsmd:value><imsmd:langstring lang="en">author</imsmd:langstring></imsmd:value></imsmd:role><imsmd:entity><imsmd:vcard>BEGIN:VCARD VERSION:3.0 N:hiwi; FN: hiwi ORG: URL: TITLE: TEL;TYPE=WORK,VOICE: ADR;TYPE=intl,postal,parcel,work:;;;;;;EMAIL;TYPE=PREF,INTERNET: END:VCARD</imsmd:vcard></imsmd:entity></imsmd:contribute></imsmd:lifecycle></imsmd:lom></imsmd:metadata><imscp:file href="A4_989412712.xml" /></imscp:resource><imscp:resource identifier="A5_7557292" type="imsqti_item_xmlv2p1" href="A5_7557292.xml"><imsmd:metadata><imsmd:lom><imsmd:general><imsmd:identifier>A5_7557292</imsmd:identifier><imsmd:title><imsmd:langstring>A5</imsmd:langstring></imsmd:title><imsmd:language>de</imsmd:language></imsmd:general><imsmd:lifecycle><imsmd:contribute><imsmd:role><imsmd:source><imsmd:langstring lang="en">LOMv1.0</imsmd:langstring></imsmd:source><imsmd:value><imsmd:langstring lang="en">author</imsmd:langstring></imsmd:value></imsmd:role><imsmd:entity><imsmd:vcard>BEGIN:VCARD VERSION:3.0 N:hiwi; FN: hiwi ORG: URL: TITLE: TEL;TYPE=WORK,VOICE: ADR;TYPE=intl,postal,parcel,work:;;;;;;EMAIL;TYPE=PREF,INTERNET: END:VCARD</imsmd:vcard></imsmd:entity></imsmd:contribute></imsmd:lifecycle></imsmd:lom></imsmd:metadata><imscp:file href="A5_7557292.xml" /></imscp:resource><imscp:resource identifier="A6_116675276" type="imsqti_item_xmlv2p1" href="A6_116675276.xml"><imsmd:metadata><imsmd:lom><imsmd:general><imsmd:identifier>A6_116675276</imsmd:identifier><imsmd:title><imsmd:langstring>A6</imsmd:langstring></imsmd:title><imsmd:language>de</imsmd:language></imsmd:general><imsmd:lifecycle><imsmd:contribute><imsmd:role><imsmd:source><imsmd:langstring lang="en">LOMv1.0</imsmd:langstring></imsmd:source><imsmd:value><imsmd:langstring lang="en">author</imsmd:langstring></imsmd:value></imsmd:role><imsmd:entity><imsmd:vcard>BEGIN:VCARD VERSION:3.0 N:hiwi; FN: hiwi ORG: URL: TITLE: TEL;TYPE=WORK,VOICE: ADR;TYPE=intl,postal,parcel,work:;;;;;;EMAIL;TYPE=PREF,INTERNET: END:VCARD</imsmd:vcard></imsmd:entity></imsmd:contribute></imsmd:lifecycle></imsmd:lom></imsmd:metadata><imscp:file href="A6_116675276.xml" /></imscp:resource><imscp:resource identifier="A7_964541072" type="imsqti_item_xmlv2p1" href="A7_964541072.xml"><imsmd:metadata><imsmd:lom><imsmd:general><imsmd:identifier>A7_964541072</imsmd:identifier><imsmd:title><imsmd:langstring>A7</imsmd:langstring></imsmd:title><imsmd:language>de</imsmd:language></imsmd:general><imsmd:lifecycle><imsmd:contribute><imsmd:role><imsmd:source><imsmd:langstring lang="en">LOMv1.0</imsmd:langstring></imsmd:source><imsmd:value><imsmd:langstring lang="en">author</imsmd:langstring></imsmd:value></imsmd:role><imsmd:entity><imsmd:vcard>BEGIN:VCARD VERSION:3.0 N:hiwi; FN: hiwi ORG: URL: TITLE: TEL;TYPE=WORK,VOICE: ADR;TYPE=intl,postal,parcel,work:;;;;;;EMAIL;TYPE=PREF,INTERNET: END:VCARD</imsmd:vcard></imsmd:entity></imsmd:contribute></imsmd:lifecycle></imsmd:lom></imsmd:metadata><imscp:file href="A7_964541072.xml" /></imscp:resource><imscp:resource identifier="A8_826324464" type="imsqti_item_xmlv2p1" href="A8_826324464.xml"><imsmd:metadata><imsmd:lom><imsmd:general><imsmd:identifier>A8_826324464</imsmd:identifier><imsmd:title><imsmd:langstring>A8</imsmd:langstring></imsmd:title><imsmd:language>de</imsmd:language></imsmd:general><imsmd:lifecycle><imsmd:contribute><imsmd:role><imsmd:source><imsmd:langstring lang="en">LOMv1.0</imsmd:langstring></imsmd:source><imsmd:value><imsmd:langstring lang="en">author</imsmd:langstring></imsmd:value></imsmd:role><imsmd:entity><imsmd:vcard>BEGIN:VCARD VERSION:3.0 N:hiwi; FN: hiwi ORG: URL: TITLE: TEL;TYPE=WORK,VOICE: ADR;TYPE=intl,postal,parcel,work:;;;;;;EMAIL;TYPE=PREF,INTERNET: END:VCARD</imsmd:vcard></imsmd:entity></imsmd:contribute></imsmd:lifecycle></imsmd:lom></imsmd:metadata><imscp:file href="A8_826324464.xml" /></imscp:resource><imscp:resource identifier="S1_1386879002" type="imsqti_item_xmlv2p1" href="S1_1386879002.xml"><imsmd:metadata><imsmd:lom><imsmd:general><imsmd:identifier>S1_1386879002</imsmd:identifier><imsmd:title><imsmd:langstring>S1</imsmd:langstring></imsmd:title><imsmd:language>de</imsmd:language></imsmd:general><imsmd:lifecycle><imsmd:contribute><imsmd:role><imsmd:source><imsmd:langstring lang="en">LOMv1.0</imsmd:langstring></imsmd:source><imsmd:value><imsmd:langstring lang="en">author</imsmd:langstring></imsmd:value></imsmd:role><imsmd:entity><imsmd:vcard>BEGIN:VCARD VERSION:3.0 N:hiwi; FN: hiwi ORG: URL: TITLE: TEL;TYPE=WORK,VOICE: ADR;TYPE=intl,postal,parcel,work:;;;;;;EMAIL;TYPE=PREF,INTERNET: END:VCARD</imsmd:vcard></imsmd:entity></imsmd:contribute></imsmd:lifecycle></imsmd:lom></imsmd:metadata><imscp:file href="S1_1386879002.xml" /></imscp:resource><imscp:resource identifier="S2_993339301" type="imsqti_item_xmlv2p1" href="S2_993339301.xml"><imsmd:metadata><imsmd:lom><imsmd:general><imsmd:identifier>S2_993339301</imsmd:identifier><imsmd:title><imsmd:langstring>S2</imsmd:langstring></imsmd:title><imsmd:language>de</imsmd:language></imsmd:general><imsmd:lifecycle><imsmd:contribute><imsmd:role><imsmd:source><imsmd:langstring lang="en">LOMv1.0</imsmd:langstring></imsmd:source><imsmd:value><imsmd:langstring lang="en">author</imsmd:langstring></imsmd:value></imsmd:role><imsmd:entity><imsmd:vcard>BEGIN:VCARD VERSION:3.0 N:hiwi; FN: hiwi ORG: URL: TITLE: TEL;TYPE=WORK,VOICE: ADR;TYPE=intl,postal,parcel,work:;;;;;;EMAIL;TYPE=PREF,INTERNET: END:VCARD</imsmd:vcard></imsmd:entity></imsmd:contribute></imsmd:lifecycle></imsmd:lom></imsmd:metadata><imscp:file href="S2_993339301.xml" /></imscp:resource><imscp:resource identifier="S3_646840363" type="imsqti_item_xmlv2p1" href="S3_646840363.xml"><imsmd:metadata><imsmd:lom><imsmd:general><imsmd:identifier>S3_646840363</imsmd:identifier><imsmd:title><imsmd:langstring>S3</imsmd:langstring></imsmd:title><imsmd:language>de</imsmd:language></imsmd:general><imsmd:lifecycle><imsmd:contribute><imsmd:role><imsmd:source><imsmd:langstring lang="en">LOMv1.0</imsmd:langstring></imsmd:source><imsmd:value><imsmd:langstring lang="en">author</imsmd:langstring></imsmd:value></imsmd:role><imsmd:entity><imsmd:vcard>BEGIN:VCARD VERSION:3.0 N:hiwi; FN: hiwi ORG: URL: TITLE: TEL;TYPE=WORK,VOICE: ADR;TYPE=intl,postal,parcel,work:;;;;;;EMAIL;TYPE=PREF,INTERNET: END:VCARD</imsmd:vcard></imsmd:entity></imsmd:contribute></imsmd:lifecycle></imsmd:lom></imsmd:metadata><imscp:file href="S3_646840363.xml" /></imscp:resource><imscp:resource identifier="S4_229123849" type="imsqti_item_xmlv2p1" href="S4_229123849.xml"><imsmd:metadata><imsmd:lom><imsmd:general><imsmd:identifier>S4_229123849</imsmd:identifier><imsmd:title><imsmd:langstring>S4</imsmd:langstring></imsmd:title><imsmd:language>de</imsmd:language></imsmd:general><imsmd:lifecycle><imsmd:contribute><imsmd:role><imsmd:source><imsmd:langstring lang="en">LOMv1.0</imsmd:langstring></imsmd:source><imsmd:value><imsmd:langstring lang="en">author</imsmd:langstring></imsmd:value></imsmd:role><imsmd:entity><imsmd:vcard>BEGIN:VCARD VERSION:3.0 N:hiwi; FN: hiwi ORG: URL: TITLE: TEL;TYPE=WORK,VOICE: ADR;TYPE=intl,postal,parcel,work:;;;;;;EMAIL;TYPE=PREF,INTERNET: END:VCARD</imsmd:vcard></imsmd:entity></imsmd:contribute></imsmd:lifecycle></imsmd:lom></imsmd:metadata><imscp:file href="S4_229123849.xml" /></imscp:resource><imscp:resource identifier="S5_369018825" type="imsqti_item_xmlv2p1" href="S5_369018825.xml"><imsmd:metadata><imsmd:lom><imsmd:general><imsmd:identifier>S5_369018825</imsmd:identifier><imsmd:title><imsmd:langstring>S5</imsmd:langstring></imsmd:title><imsmd:language>de</imsmd:language></imsmd:general><imsmd:lifecycle><imsmd:contribute><imsmd:role><imsmd:source><imsmd:langstring lang="en">LOMv1.0</imsmd:langstring></imsmd:source><imsmd:value><imsmd:langstring lang="en">author</imsmd:langstring></imsmd:value></imsmd:role><imsmd:entity><imsmd:vcard>BEGIN:VCARD VERSION:3.0 N:hiwi; FN: hiwi ORG: URL: TITLE: TEL;TYPE=WORK,VOICE: ADR;TYPE=intl,postal,parcel,work:;;;;;;EMAIL;TYPE=PREF,INTERNET: END:VCARD</imsmd:vcard></imsmd:entity></imsmd:contribute></imsmd:lifecycle></imsmd:lom></imsmd:metadata><imscp:file href="S5_369018825.xml" /></imscp:resource><imscp:resource identifier="S6_201849638" type="imsqti_item_xmlv2p1" href="S6_201849638.xml"><imsmd:metadata><imsmd:lom><imsmd:general><imsmd:identifier>S6_201849638</imsmd:identifier><imsmd:title><imsmd:langstring>S6</imsmd:langstring></imsmd:title><imsmd:language>de</imsmd:language></imsmd:general><imsmd:lifecycle><imsmd:contribute><imsmd:role><imsmd:source><imsmd:langstring lang="en">LOMv1.0</imsmd:langstring></imsmd:source><imsmd:value><imsmd:langstring lang="en">author</imsmd:langstring></imsmd:value></imsmd:role><imsmd:entity><imsmd:vcard>BEGIN:VCARD VERSION:3.0 N:hiwi; FN: hiwi ORG: URL: TITLE: TEL;TYPE=WORK,VOICE: ADR;TYPE=intl,postal,parcel,work:;;;;;;EMAIL;TYPE=PREF,INTERNET: END:VCARD</imsmd:vcard></imsmd:entity></imsmd:contribute></imsmd:lifecycle></imsmd:lom></imsmd:metadata><imscp:file href="S6_201849638.xml" /></imscp:resource><imscp:resource identifier="S7_891550080" type="imsqti_item_xmlv2p1" href="S7_891550080.xml"><imsmd:metadata><imsmd:lom><imsmd:general><imsmd:identifier>S7_891550080</imsmd:identifier><imsmd:title><imsmd:langstring>S7</imsmd:langstring></imsmd:title><imsmd:language>de</imsmd:language></imsmd:general><imsmd:lifecycle><imsmd:contribute><imsmd:role><imsmd:source><imsmd:langstring lang="en">LOMv1.0</imsmd:langstring></imsmd:source><imsmd:value><imsmd:langstring lang="en">author</imsmd:langstring></imsmd:value></imsmd:role><imsmd:entity><imsmd:vcard>BEGIN:VCARD VERSION:3.0 N:hiwi; FN: hiwi ORG: URL: TITLE: TEL;TYPE=WORK,VOICE: ADR;TYPE=intl,postal,parcel,work:;;;;;;EMAIL;TYPE=PREF,INTERNET: END:VCARD</imsmd:vcard></imsmd:entity></imsmd:contribute></imsmd:lifecycle></imsmd:lom></imsmd:metadata><imscp:file href="S7_891550080.xml" /></imscp:resource><imscp:resource identifier="S8_507263161" type="imsqti_item_xmlv2p1" href="S8_507263161.xml"><imsmd:metadata><imsmd:lom><imsmd:general><imsmd:identifier>S8_507263161</imsmd:identifier><imsmd:title><imsmd:langstring>S8</imsmd:langstring></imsmd:title><imsmd:language>de</imsmd:language></imsmd:general><imsmd:lifecycle><imsmd:contribute><imsmd:role><imsmd:source><imsmd:langstring lang="en">LOMv1.0</imsmd:langstring></imsmd:source><imsmd:value><imsmd:langstring lang="en">author</imsmd:langstring></imsmd:value></imsmd:role><imsmd:entity><imsmd:vcard>BEGIN:VCARD VERSION:3.0 N:hiwi; FN: hiwi ORG: URL: TITLE: TEL;TYPE=WORK,VOICE: ADR;TYPE=intl,postal,parcel,work:;;;;;;EMAIL;TYPE=PREF,INTERNET: END:VCARD</imsmd:vcard></imsmd:entity></imsmd:contribute></imsmd:lifecycle></imsmd:lom></imsmd:metadata><imscp:file href="S8_507263161.xml" /></imscp:resource><imscp:resource identifier="E1_1597368058" type="imsqti_item_xmlv2p1" href="E1_1597368058.xml"><imsmd:metadata><imsmd:lom><imsmd:general><imsmd:identifier>E1_1597368058</imsmd:identifier><imsmd:title><imsmd:langstring>E1</imsmd:langstring></imsmd:title><imsmd:language>de</imsmd:language></imsmd:general><imsmd:lifecycle><imsmd:contribute><imsmd:role><imsmd:source><imsmd:langstring lang="en">LOMv1.0</imsmd:langstring></imsmd:source><imsmd:value><imsmd:langstring lang="en">author</imsmd:langstring></imsmd:value></imsmd:role><imsmd:entity><imsmd:vcard>BEGIN:VCARD VERSION:3.0 N:hiwi; FN: hiwi ORG: URL: TITLE: TEL;TYPE=WORK,VOICE: ADR;TYPE=intl,postal,parcel,work:;;;;;;EMAIL;TYPE=PREF,INTERNET: END:VCARD</imsmd:vcard></imsmd:entity></imsmd:contribute></imsmd:lifecycle></imsmd:lom></imsmd:metadata><imscp:file href="E1_1597368058.xml" /></imscp:resource><imscp:resource identifier="E2_741386298" type="imsqti_item_xmlv2p1" href="E2_741386298.xml"><imsmd:metadata><imsmd:lom><imsmd:general><imsmd:identifier>E2_741386298</imsmd:identifier><imsmd:title><imsmd:langstring>E2</imsmd:langstring></imsmd:title><imsmd:language>de</imsmd:language></imsmd:general><imsmd:lifecycle><imsmd:contribute><imsmd:role><imsmd:source><imsmd:langstring lang="en">LOMv1.0</imsmd:langstring></imsmd:source><imsmd:value><imsmd:langstring lang="en">author</imsmd:langstring></imsmd:value></imsmd:role><imsmd:entity><imsmd:vcard>BEGIN:VCARD VERSION:3.0 N:hiwi; FN: hiwi ORG: URL: TITLE: TEL;TYPE=WORK,VOICE: ADR;TYPE=intl,postal,parcel,work:;;;;;;EMAIL;TYPE=PREF,INTERNET: END:VCARD</imsmd:vcard></imsmd:entity></imsmd:contribute></imsmd:lifecycle></imsmd:lom></imsmd:metadata><imscp:file href="E2_741386298.xml" /></imscp:resource><imscp:resource identifier="E3_213562421" type="imsqti_item_xmlv2p1" href="E3_213562421.xml"><imsmd:metadata><imsmd:lom><imsmd:general><imsmd:identifier>E3_213562421</imsmd:identifier><imsmd:title><imsmd:langstring>E3</imsmd:langstring></imsmd:title><imsmd:language>de</imsmd:language></imsmd:general><imsmd:lifecycle><imsmd:contribute><imsmd:role><imsmd:source><imsmd:langstring lang="en">LOMv1.0</imsmd:langstring></imsmd:source><imsmd:value><imsmd:langstring lang="en">author</imsmd:langstring></imsmd:value></imsmd:role><imsmd:entity><imsmd:vcard>BEGIN:VCARD VERSION:3.0 N:hiwi; FN: hiwi ORG: URL: TITLE: TEL;TYPE=WORK,VOICE: ADR;TYPE=intl,postal,parcel,work:;;;;;;EMAIL;TYPE=PREF,INTERNET: END:VCARD</imsmd:vcard></imsmd:entity></imsmd:contribute></imsmd:lifecycle></imsmd:lom></imsmd:metadata><imscp:file href="E3_213562421.xml" /></imscp:resource><imscp:resource identifier="E4_643319795" type="imsqti_item_xmlv2p1" href="E4_643319795.xml"><imsmd:metadata><imsmd:lom><imsmd:general><imsmd:identifier>E4_643319795</imsmd:identifier><imsmd:title><imsmd:langstring>E4</imsmd:langstring></imsmd:title><imsmd:language>de</imsmd:language></imsmd:general><imsmd:lifecycle><imsmd:contribute><imsmd:role><imsmd:source><imsmd:langstring lang="en">LOMv1.0</imsmd:langstring></imsmd:source><imsmd:value><imsmd:langstring lang="en">author</imsmd:langstring></imsmd:value></imsmd:role><imsmd:entity><imsmd:vcard>BEGIN:VCARD VERSION:3.0 N:hiwi; FN: hiwi ORG: URL: TITLE: TEL;TYPE=WORK,VOICE: ADR;TYPE=intl,postal,parcel,work:;;;;;;EMAIL;TYPE=PREF,INTERNET: END:VCARD</imsmd:vcard></imsmd:entity></imsmd:contribute></imsmd:lifecycle></imsmd:lom></imsmd:metadata><imscp:file href="E4_643319795.xml" /></imscp:resource><imscp:resource identifier="E5_1088722969" type="imsqti_item_xmlv2p1" href="E5_1088722969.xml"><imsmd:metadata><imsmd:lom><imsmd:general><imsmd:identifier>E5_1088722969</imsmd:identifier><imsmd:title><imsmd:langstring>E5</imsmd:langstring></imsmd:title><imsmd:language>de</imsmd:language></imsmd:general><imsmd:lifecycle><imsmd:contribute><imsmd:role><imsmd:source><imsmd:langstring lang="en">LOMv1.0</imsmd:langstring></imsmd:source><imsmd:value><imsmd:langstring lang="en">author</imsmd:langstring></imsmd:value></imsmd:role><imsmd:entity><imsmd:vcard>BEGIN:VCARD VERSION:3.0 N:hiwi; FN: hiwi ORG: URL: TITLE: TEL;TYPE=WORK,VOICE: ADR;TYPE=intl,postal,parcel,work:;;;;;;EMAIL;TYPE=PREF,INTERNET: END:VCARD</imsmd:vcard></imsmd:entity></imsmd:contribute></imsmd:lifecycle></imsmd:lom></imsmd:metadata><imscp:file href="E5_1088722969.xml" /></imscp:resource><imscp:resource identifier="E6_911659888" type="imsqti_item_xmlv2p1" href="E6_911659888.xml"><imsmd:metadata><imsmd:lom><imsmd:general><imsmd:identifier>E6_911659888</imsmd:identifier><imsmd:title><imsmd:langstring>E6</imsmd:langstring></imsmd:title><imsmd:language>de</imsmd:language></imsmd:general><imsmd:lifecycle><imsmd:contribute><imsmd:role><imsmd:source><imsmd:langstring lang="en">LOMv1.0</imsmd:langstring></imsmd:source><imsmd:value><imsmd:langstring lang="en">author</imsmd:langstring></imsmd:value></imsmd:role><imsmd:entity><imsmd:vcard>BEGIN:VCARD VERSION:3.0 N:hiwi; FN: hiwi ORG: URL: TITLE: TEL;TYPE=WORK,VOICE: ADR;TYPE=intl,postal,parcel,work:;;;;;;EMAIL;TYPE=PREF,INTERNET: END:VCARD</imsmd:vcard></imsmd:entity></imsmd:contribute></imsmd:lifecycle></imsmd:lom></imsmd:metadata><imscp:file href="E6_911659888.xml" /></imscp:resource><imscp:resource identifier="E7_1625858697" type="imsqti_item_xmlv2p1" href="E7_1625858697.xml"><imsmd:metadata><imsmd:lom><imsmd:general><imsmd:identifier>E7_1625858697</imsmd:identifier><imsmd:title><imsmd:langstring>E7</imsmd:langstring></imsmd:title><imsmd:language>de</imsmd:language></imsmd:general><imsmd:lifecycle><imsmd:contribute><imsmd:role><imsmd:source><imsmd:langstring lang="en">LOMv1.0</imsmd:langstring></imsmd:source><imsmd:value><imsmd:langstring lang="en">author</imsmd:langstring></imsmd:value></imsmd:role><imsmd:entity><imsmd:vcard>BEGIN:VCARD VERSION:3.0 N:hiwi; FN: hiwi ORG: URL: TITLE: TEL;TYPE=WORK,VOICE: ADR;TYPE=intl,postal,parcel,work:;;;;;;EMAIL;TYPE=PREF,INTERNET: END:VCARD</imsmd:vcard></imsmd:entity></imsmd:contribute></imsmd:lifecycle></imsmd:lom></imsmd:metadata><imscp:file href="E7_1625858697.xml" /></imscp:resource><imscp:resource identifier="E8_193138532" type="imsqti_item_xmlv2p1" href="E8_193138532.xml"><imsmd:metadata><imsmd:lom><imsmd:general><imsmd:identifier>E8_193138532</imsmd:identifier><imsmd:title><imsmd:langstring>E8</imsmd:langstring></imsmd:title><imsmd:language>de</imsmd:language></imsmd:general><imsmd:lifecycle><imsmd:contribute><imsmd:role><imsmd:source><imsmd:langstring lang="en">LOMv1.0</imsmd:langstring></imsmd:source><imsmd:value><imsmd:langstring lang="en">author</imsmd:langstring></imsmd:value></imsmd:role><imsmd:entity><imsmd:vcard>BEGIN:VCARD VERSION:3.0 N:hiwi; FN: hiwi ORG: URL: TITLE: TEL;TYPE=WORK,VOICE: ADR;TYPE=intl,postal,parcel,work:;;;;;;EMAIL;TYPE=PREF,INTERNET: END:VCARD</imsmd:vcard></imsmd:entity></imsmd:contribute></imsmd:lifecycle></imsmd:lom></imsmd:metadata><imscp:file href="E8_193138532.xml" /></imscp:resource><imscp:resource identifier="C1_1721127572" type="imsqti_item_xmlv2p1" href="C1_1721127572.xml"><imsmd:metadata><imsmd:lom><imsmd:general><imsmd:identifier>C1_1721127572</imsmd:identifier><imsmd:title><imsmd:langstring>C1</imsmd:langstring></imsmd:title><imsmd:language>de</imsmd:language></imsmd:general><imsmd:lifecycle><imsmd:contribute><imsmd:role><imsmd:source><imsmd:langstring lang="en">LOMv1.0</imsmd:langstring></imsmd:source><imsmd:value><imsmd:langstring lang="en">author</imsmd:langstring></imsmd:value></imsmd:role><imsmd:entity><imsmd:vcard>BEGIN:VCARD VERSION:3.0 N:hiwi; FN: hiwi ORG: URL: TITLE: TEL;TYPE=WORK,VOICE: ADR;TYPE=intl,postal,parcel,work:;;;;;;EMAIL;TYPE=PREF,INTERNET: END:VCARD</imsmd:vcard></imsmd:entity></imsmd:contribute></imsmd:lifecycle></imsmd:lom></imsmd:metadata><imscp:file href="C1_1721127572.xml" /></imscp:resource><imscp:resource identifier="C2_785827647" type="imsqti_item_xmlv2p1" href="C2_785827647.xml"><imsmd:metadata><imsmd:lom><imsmd:general><imsmd:identifier>C2_785827647</imsmd:identifier><imsmd:title><imsmd:langstring>C2</imsmd:langstring></imsmd:title><imsmd:language>de</imsmd:language></imsmd:general><imsmd:lifecycle><imsmd:contribute><imsmd:role><imsmd:source><imsmd:langstring lang="en">LOMv1.0</imsmd:langstring></imsmd:source><imsmd:value><imsmd:langstring lang="en">author</imsmd:langstring></imsmd:value></imsmd:role><imsmd:entity><imsmd:vcard>BEGIN:VCARD VERSION:3.0 N:hiwi; FN: hiwi ORG: URL: TITLE: TEL;TYPE=WORK,VOICE: ADR;TYPE=intl,postal,parcel,work:;;;;;;EMAIL;TYPE=PREF,INTERNET: END:VCARD</imsmd:vcard></imsmd:entity></imsmd:contribute></imsmd:lifecycle></imsmd:lom></imsmd:metadata><imscp:file href="C2_785827647.xml" /></imscp:resource><imscp:resource identifier="C3_518341443" type="imsqti_item_xmlv2p1" href="C3_518341443.xml"><imsmd:metadata><imsmd:lom><imsmd:general><imsmd:identifier>C3_518341443</imsmd:identifier><imsmd:title><imsmd:langstring>C3</imsmd:langstring></imsmd:title><imsmd:language>de</imsmd:language></imsmd:general><imsmd:lifecycle><imsmd:contribute><imsmd:role><imsmd:source><imsmd:langstring lang="en">LOMv1.0</imsmd:langstring></imsmd:source><imsmd:value><imsmd:langstring lang="en">author</imsmd:langstring></imsmd:value></imsmd:role><imsmd:entity><imsmd:vcard>BEGIN:VCARD VERSION:3.0 N:hiwi; FN: hiwi ORG: URL: TITLE: TEL;TYPE=WORK,VOICE: ADR;TYPE=intl,postal,parcel,work:;;;;;;EMAIL;TYPE=PREF,INTERNET: END:VCARD</imsmd:vcard></imsmd:entity></imsmd:contribute></imsmd:lifecycle></imsmd:lom></imsmd:metadata><imscp:file href="C3_518341443.xml" /></imscp:resource><imscp:resource identifier="C4_1001755933" type="imsqti_item_xmlv2p1" href="C4_1001755933.xml"><imsmd:metadata><imsmd:lom><imsmd:general><imsmd:identifier>C4_1001755933</imsmd:identifier><imsmd:title><imsmd:langstring>C4</imsmd:langstring></imsmd:title><imsmd:language>de</imsmd:language></imsmd:general><imsmd:lifecycle><imsmd:contribute><imsmd:role><imsmd:source><imsmd:langstring lang="en">LOMv1.0</imsmd:langstring></imsmd:source><imsmd:value><imsmd:langstring lang="en">author</imsmd:langstring></imsmd:value></imsmd:role><imsmd:entity><imsmd:vcard>BEGIN:VCARD VERSION:3.0 N:hiwi; FN: hiwi ORG: URL: TITLE: TEL;TYPE=WORK,VOICE: ADR;TYPE=intl,postal,parcel,work:;;;;;;EMAIL;TYPE=PREF,INTERNET: END:VCARD</imsmd:vcard></imsmd:entity></imsmd:contribute></imsmd:lifecycle></imsmd:lom></imsmd:metadata><imscp:file href="C4_1001755933.xml" /></imscp:resource><imscp:resource identifier="C5_1271696533" type="imsqti_item_xmlv2p1" href="C5_1271696533.xml"><imsmd:metadata><imsmd:lom><imsmd:general><imsmd:identifier>C5_1271696533</imsmd:identifier><imsmd:title><imsmd:langstring>C5</imsmd:langstring></imsmd:title><imsmd:language>de</imsmd:language></imsmd:general><imsmd:lifecycle><imsmd:contribute><imsmd:role><imsmd:source><imsmd:langstring lang="en">LOMv1.0</imsmd:langstring></imsmd:source><imsmd:value><imsmd:langstring lang="en">author</imsmd:langstring></imsmd:value></imsmd:role><imsmd:entity><imsmd:vcard>BEGIN:VCARD VERSION:3.0 N:hiwi; FN: hiwi ORG: URL: TITLE: TEL;TYPE=WORK,VOICE: ADR;TYPE=intl,postal,parcel,work:;;;;;;EMAIL;TYPE=PREF,INTERNET: END:VCARD</imsmd:vcard></imsmd:entity></imsmd:contribute></imsmd:lifecycle></imsmd:lom></imsmd:metadata><imscp:file href="C5_1271696533.xml" /></imscp:resource><imscp:resource identifier="C6_1008390055" type="imsqti_item_xmlv2p1" href="C6_1008390055.xml"><imsmd:metadata><imsmd:lom><imsmd:general><imsmd:identifier>C6_1008390055</imsmd:identifier><imsmd:title><imsmd:langstring>C6</imsmd:langstring></imsmd:title><imsmd:language>de</imsmd:language></imsmd:general><imsmd:lifecycle><imsmd:contribute><imsmd:role><imsmd:source><imsmd:langstring lang="en">LOMv1.0</imsmd:langstring></imsmd:source><imsmd:value><imsmd:langstring lang="en">author</imsmd:langstring></imsmd:value></imsmd:role><imsmd:entity><imsmd:vcard>BEGIN:VCARD VERSION:3.0 N:hiwi; FN: hiwi ORG: URL: TITLE: TEL;TYPE=WORK,VOICE: ADR;TYPE=intl,postal,parcel,work:;;;;;;EMAIL;TYPE=PREF,INTERNET: END:VCARD</imsmd:vcard></imsmd:entity></imsmd:contribute></imsmd:lifecycle></imsmd:lom></imsmd:metadata><imscp:file href="C6_1008390055.xml" /></imscp:resource><imscp:resource identifier="C7_1327523853" type="imsqti_item_xmlv2p1" href="C7_1327523853.xml"><imsmd:metadata><imsmd:lom><imsmd:general><imsmd:identifier>C7_1327523853</imsmd:identifier><imsmd:title><imsmd:langstring>C7</imsmd:langstring></imsmd:title><imsmd:language>de</imsmd:language></imsmd:general><imsmd:lifecycle><imsmd:contribute><imsmd:role><imsmd:source><imsmd:langstring lang="en">LOMv1.0</imsmd:langstring></imsmd:source><imsmd:value><imsmd:langstring lang="en">author</imsmd:langstring></imsmd:value></imsmd:role><imsmd:entity><imsmd:vcard>BEGIN:VCARD VERSION:3.0 N:hiwi; FN: hiwi ORG: URL: TITLE: TEL;TYPE=WORK,VOICE: ADR;TYPE=intl,postal,parcel,work:;;;;;;EMAIL;TYPE=PREF,INTERNET: END:VCARD</imsmd:vcard></imsmd:entity></imsmd:contribute></imsmd:lifecycle></imsmd:lom></imsmd:metadata><imscp:file href="C7_1327523853.xml" /></imscp:resource><imscp:resource identifier="C8_1540517701" type="imsqti_item_xmlv2p1" href="C8_1540517701.xml"><imsmd:metadata><imsmd:lom><imsmd:general><imsmd:identifier>C8_1540517701</imsmd:identifier><imsmd:title><imsmd:langstring>C8</imsmd:langstring></imsmd:title><imsmd:language>de</imsmd:language></imsmd:general><imsmd:lifecycle><imsmd:contribute><imsmd:role><imsmd:source><imsmd:langstring lang="en">LOMv1.0</imsmd:langstring></imsmd:source><imsmd:value><imsmd:langstring lang="en">author</imsmd:langstring></imsmd:value></imsmd:role><imsmd:entity><imsmd:vcard>BEGIN:VCARD VERSION:3.0 N:hiwi; FN: hiwi ORG: URL: TITLE: TEL;TYPE=WORK,VOICE: ADR;TYPE=intl,postal,parcel,work:;;;;;;EMAIL;TYPE=PREF,INTERNET: END:VCARD</imsmd:vcard></imsmd:entity></imsmd:contribute></imsmd:lifecycle></imsmd:lom></imsmd:metadata><imscp:file href="C8_1540517701.xml" /></imscp:resource></imscp:resources></imscp:manifest>
