<?xml version="1.0" encoding="UTF-8"?>
<!--This file was created using: Onyx Editor, Version 3.6 (Full, licensed by Virtueller Campus Rheinland Pfalz), (c)2012 BPS Bildungsportal Sachsen GmbH--><assessmentTest xmlns="http://www.imsglobal.org/xsd/imsqti_v2p1" xmlns:xsi="http://www.w3.org/2001/XMLSchema-instance" xsi:schemaLocation="http://www.imsglobal.org/xsd/imsqti_v2p1 imsqti_v2p1.xsd" identifier="Interessen_1157524956" title="Interessen"><outcomeDeclaration identifier="SCORE" cardinality="single" baseType="float"><defaultValue><value>0</value></defaultValue></outcomeDeclaration><outcomeDeclaration identifier="MAXSCORE" cardinality="single" baseType="float"><defaultValue><value>0</value></defaultValue></outcomeDeclaration><testPart identifier="testpartID" navigationMode="nonlinear" submissionMode="individual"><assessmentSection identifier="Realistic_1307694965" fixed="false" title="Realistic" visible="true"><rubricBlock view="candidate"><font xmlns="" size="3" face="Times New Roman"><p><font size="3" face="Times New Roman">Bitte markieren Sie die zutreffende Aussage für die folgenden Tätigkeiten. <p>1- Das interessiert mich sehr; Das tue ich sehr gerne, ...5- das interessiert mich gar nicht; Das tue ich nicht gerne</p></font></p></font></rubricBlock><assessmentItemRef identifier="R2_212521311" href="R2_212521311.xml" fixed="false" /><assessmentItemRef identifier="R8_572635356" href="R8_572635356.xml" fixed="false" /><assessmentItemRef identifier="R1_2028117390" href="R1_2028117390.xml" fixed="false" /><assessmentItemRef identifier="R3_1131416971" href="R3_1131416971.xml" fixed="false" /><assessmentItemRef identifier="R4_1241119032" href="R4_1241119032.xml" fixed="false" /><assessmentItemRef identifier="R5_566860661" href="R5_566860661.xml" fixed="false" /><assessmentItemRef identifier="R6_159716776" href="R6_159716776.xml" fixed="false" /><assessmentItemRef identifier="R7_118227763" href="R7_118227763.xml" fixed="false" /></assessmentSection><assessmentSection identifier="Investigate_1870272105" fixed="false" title="Investigative" visible="true"><rubricBlock view="candidate"><p xmlns=""><font size="3" face="Times New Roman">Bitte markieren Sie die zutreffende Aussage für die folgenden Tätigkeiten. <p>1- Das interessiert mich sehr; Das tue ich sehr gerne, ...5- das interessiert mich gar nicht; Das tue ich nicht gerne</p></font></p></rubricBlock><assessmentItemRef identifier="I1_1777180741" href="I1_1777180741.xml" fixed="false" /><assessmentItemRef identifier="I2_36557640" href="I2_36557640.xml" fixed="false" /><assessmentItemRef identifier="I3_1201982017" href="I3_1201982017.xml" fixed="false" /><assessmentItemRef identifier="I4_155685036" href="I4_155685036.xml" fixed="false" /><assessmentItemRef identifier="I5_2064637335" href="I5_2064637335.xml" fixed="false" /><assessmentItemRef identifier="I6_647855690" href="I6_647855690.xml" fixed="false" /><assessmentItemRef identifier="I7_343210707" href="I7_343210707.xml" fixed="false" /><assessmentItemRef identifier="I8_1599278315" href="I8_1599278315.xml" fixed="false" /></assessmentSection><assessmentSection identifier="Artistic_860811762" fixed="false" title="Artistic" visible="true"><rubricBlock view="candidate"><p xmlns=""><font size="3" face="Times New Roman">Bitte markieren Sie die zutreffende Aussage für die folgenden Tätigkeiten. <p>1- Das interessiert mich sehr; Das tue ich sehr gerne, ...5- das interessiert mich gar nicht; Das tue ich nicht gerne</p></font></p></rubricBlock><assessmentItemRef identifier="A1_1535375877" href="A1_1535375877.xml" fixed="false" /><assessmentItemRef identifier="A2_47731765" href="A2_47731765.xml" fixed="false" /><assessmentItemRef identifier="A3_927872546" href="A3_927872546.xml" fixed="false" /><assessmentItemRef identifier="A4_989412712" href="A4_989412712.xml" fixed="false" /><assessmentItemRef identifier="A5_7557292" href="A5_7557292.xml" fixed="false" /><assessmentItemRef identifier="A6_116675276" href="A6_116675276.xml" fixed="false" /><assessmentItemRef identifier="A7_964541072" href="A7_964541072.xml" fixed="false" /><assessmentItemRef identifier="A8_826324464" href="A8_826324464.xml" fixed="false" /></assessmentSection><assessmentSection identifier="Social_1351424975" fixed="false" title="Social" visible="true"><rubricBlock view="candidate"><p xmlns=""><font size="3" face="Times New Roman">Bitte markieren Sie die zutreffende Aussage für die folgenden Tätigkeiten. </font></p><p xmlns="">1- Das interessiert mich sehr; Das tue ich sehr gerne, ...5- das interessiert mich gar nicht; Das tue ich nicht gerne</p></rubricBlock><assessmentItemRef identifier="S1_1386879002" href="S1_1386879002.xml" fixed="false" /><assessmentItemRef identifier="S2_993339301" href="S2_993339301.xml" fixed="false" /><assessmentItemRef identifier="S3_646840363" href="S3_646840363.xml" fixed="false" /><assessmentItemRef identifier="S4_229123849" href="S4_229123849.xml" fixed="false" /><assessmentItemRef identifier="S5_369018825" href="S5_369018825.xml" fixed="false" /><assessmentItemRef identifier="S6_201849638" href="S6_201849638.xml" fixed="false" /><assessmentItemRef identifier="S7_891550080" href="S7_891550080.xml" fixed="false" /><assessmentItemRef identifier="S8_507263161" href="S8_507263161.xml" fixed="false" /></assessmentSection><assessmentSection identifier="Enterprising_1778194654" fixed="false" title="Enterprising" visible="true"><rubricBlock view="candidate"><span xmlns="" style="line-height: 115%; font-family: &quot;Times New Roman&quot;,&quot;serif&quot;; font-size: 12pt"><p>Bitte markieren Sie die zutreffende Aussage für die folgenden Tätigkeiten.</p><p>1- Das interessiert mich sehr; Das tue ich sehr gerne, ...5- das interessiert mich gar nicht; Das tue ich nicht gerne</p></span></rubricBlock><assessmentItemRef identifier="E1_1597368058" href="E1_1597368058.xml" fixed="false" /><assessmentItemRef identifier="E2_741386298" href="E2_741386298.xml" fixed="false" /><assessmentItemRef identifier="E3_213562421" href="E3_213562421.xml" fixed="false" /><assessmentItemRef identifier="E4_643319795" href="E4_643319795.xml" fixed="false" /><assessmentItemRef identifier="E5_1088722969" href="E5_1088722969.xml" fixed="false" /><assessmentItemRef identifier="E6_911659888" href="E6_911659888.xml" fixed="false" /><assessmentItemRef identifier="E7_1625858697" href="E7_1625858697.xml" fixed="false" /><assessmentItemRef identifier="E8_193138532" href="E8_193138532.xml" fixed="false" /></assessmentSection><assessmentSection identifier="Conventional_55298839" fixed="false" title="Conventional" visible="true"><rubricBlock view="candidate"><span xmlns="" style="line-height: 115%; font-family: 'Times New Roman','serif'; font-size: 12pt"> Bitte markieren Sie die zutreffende Aussage für die folgenden Tätigkeiten.<p>1- Das interessiert mich sehr; Das tue ich sehr gerne, ...5- das interessiert mich gar nicht; Das tue ich nicht gerne</p></span></rubricBlock><assessmentItemRef identifier="C1_1721127572" href="C1_1721127572.xml" fixed="false" /><assessmentItemRef identifier="C2_785827647" href="C2_785827647.xml" fixed="false" /><assessmentItemRef identifier="C3_518341443" href="C3_518341443.xml" fixed="false" /><assessmentItemRef identifier="C4_1001755933" href="C4_1001755933.xml" fixed="false" /><assessmentItemRef identifier="C5_1271696533" href="C5_1271696533.xml" fixed="false" /><assessmentItemRef identifier="C6_1008390055" href="C6_1008390055.xml" fixed="false" /><assessmentItemRef identifier="C7_1327523853" href="C7_1327523853.xml" fixed="false" /><assessmentItemRef identifier="C8_1540517701" href="C8_1540517701.xml" fixed="false" /></assessmentSection></testPart><outcomeProcessing><setOutcomeValue identifier="SCORE"><sum><testVariables variableIdentifier="SCORE" /></sum></setOutcomeValue></outcomeProcessing></assessmentTest>
