<?xml version="1.0" encoding="utf-8"?>
<!--This file was created using: Onyx Editor, Version 3.6 (Full, licensed by Virtueller Campus Rheinland Pfalz), (c)2012 BPS Bildungsportal Sachsen GmbH-->
<imscp:manifest xmlns:imscp="http://www.imsglobal.org/xsd/imscp_v1p1"
xmlns:imsmd="http://www.imsglobal.org/xsd/imsmd_v1p2p2"
xmlns:xsi="http://www.w3.org/2001/XMLSchema-instance"
xmlns="http://www.imsglobal.org/xsd/imsqti_v2p1"
xsi:schemaLocation="http://www.imsglobal.org/xsd/imscp_v1p1 imscp_v1p1.xsd http://www.imsglobal.org/xsd/imsqti_v2p1 imsqti_v2p1.xsd http://www.imsglobal.org/xsd/imsmd_v1p2p2 imsmd_v1p2p2.xsd"
identifier="manifestID">
  <imscp:organizations />
  <imscp:resources>
    <imscp:resource identifier="Temp_1999502595" type="imsqti_assessment_xmlv2p1"
    href="Temp_1999502595.xml">
      <imsmd:metadata>
        <imsmd:lom>
          <imsmd:general>
            <imsmd:identifier>Temp_1999502595</imsmd:identifier>
            <imsmd:title>
              <imsmd:langstring>questtypes templates</imsmd:langstring>
            </imsmd:title>
            <imsmd:language>de</imsmd:language>
          </imsmd:general>
          <imsmd:lifecycle>
            <imsmd:contribute>
              <imsmd:role>
                <imsmd:source>
                  <imsmd:langstring lang="en">LOMv1.0</imsmd:langstring>
                </imsmd:source>
                <imsmd:value>
                  <imsmd:langstring lang="en">author</imsmd:langstring>
                </imsmd:value>
              </imsmd:role>
              <imsmd:entity>
                <imsmd:vcard>BEGIN:VCARD VERSION:3.0 N:sne; FN: sne ORG: URL: TITLE:
                TEL;TYPE=WORK,VOICE:
                ADR;TYPE=intl,postal,parcel,work:;;;;;;EMAIL;TYPE=PREF,INTERNET:
                END:VCARD</imsmd:vcard>
              </imsmd:entity>
            </imsmd:contribute>
          </imsmd:lifecycle>
        </imsmd:lom>
      </imsmd:metadata>
      <imscp:file href="Temp_1999502595.xml" />
      <imscp:file href="media/989f8f9617f5404b876e534018fa8bec.png" />
      <imscp:file href="media/1994afcea99e484fbcc37827cd0ff460.png" />
      <imscp:file href="media/74c8950358874ac497499c3664568e7b.png" />
      <imscp:file href="media/df631cecc9a4487b9dc2cc1801f58e4e.png" />
      <imscp:file href="media/e315bdd860ba496f86ec4e6b52275058.png" />
      <imscp:file href="media/a97d7d786add4086bfc09d0bb5463fae.png" />
      <imscp:dependency identifierref="R3_731486582" />
      <imscp:dependency identifierref="S2_1244872826" />
      <imscp:dependency identifierref="E2_939841979" />
      <imscp:dependency identifierref="C2_771393822" />
      <imscp:dependency identifierref="N1_1594459497" />
      <imscp:dependency identifierref="K2_94098990" />
      <imscp:dependency identifierref="O6_1690894260" />
      <imscp:dependency identifierref="P1_1791162331" />
      <imscp:dependency identifierref="L8_1637610272" />
      <imscp:dependency identifierref="S1_1558803697" />
      <imscp:dependency identifierref="LogischesSchlussfolgernVerbal4_431869217" />
      <imscp:dependency identifierref="LogischesSchlussfolgernFigural1_184709808" />
    </imscp:resource>
    <imscp:resource identifier="R3_731486582" type="imsqti_item_xmlv2p1" href="R3_731486582.xml">
      <imsmd:metadata>
        <imsmd:lom>
          <imsmd:general>
            <imsmd:identifier>R3_731486582</imsmd:identifier>
            <imsmd:title>
              <imsmd:langstring>qt1a</imsmd:langstring>
            </imsmd:title>
            <imsmd:language>de</imsmd:language>
            <imsmd:description>
              <imsmd:langstring>zutreffender Wert soll auf Skala ausgewählt
              werden</imsmd:langstring>
            </imsmd:description>
            <imsmd:keyword>
              <imsmd:langstring>qt1</imsmd:langstring>
            </imsmd:keyword>
	    <imsmd:keyword>
              <imsmd:langstring>qt-test</imsmd:langstring>
            </imsmd:keyword>
          </imsmd:general>
          <imsmd:lifecycle>
            <imsmd:contribute>
              <imsmd:role>
                <imsmd:source>
                  <imsmd:langstring lang="en">LOMv1.0</imsmd:langstring>
                </imsmd:source>
                <imsmd:value>
                  <imsmd:langstring lang="en">author</imsmd:langstring>
                </imsmd:value>
              </imsmd:role>
              <imsmd:entity>
                <imsmd:vcard>BEGIN:VCARD VERSION:3.0 N:sne; FN: sne ORG: URL: TITLE:
                TEL;TYPE=WORK,VOICE:
                ADR;TYPE=intl,postal,parcel,work:;;;;;;EMAIL;TYPE=PREF,INTERNET:
                END:VCARD</imsmd:vcard>
              </imsmd:entity>
            </imsmd:contribute>
          </imsmd:lifecycle>
        </imsmd:lom>
      </imsmd:metadata>
      <imscp:file href="R3_731486582.xml" />
    </imscp:resource>
    <imscp:resource identifier="S2_1244872826" type="imsqti_item_xmlv2p1" href="S2_1244872826.xml">
      <imsmd:metadata>
        <imsmd:lom>
          <imsmd:general>
            <imsmd:identifier>S2_1244872826</imsmd:identifier>
            <imsmd:title>
              <imsmd:langstring>S2</imsmd:langstring>
            </imsmd:title>
            <imsmd:language>de</imsmd:language>
            <imsmd:keyword>
              <imsmd:langstring>qt1</imsmd:langstring>
            </imsmd:keyword>
          </imsmd:general>
          <imsmd:lifecycle>
            <imsmd:contribute>
              <imsmd:role>
                <imsmd:source>
                  <imsmd:langstring lang="en">LOMv1.0</imsmd:langstring>
                </imsmd:source>
                <imsmd:value>
                  <imsmd:langstring lang="en">author</imsmd:langstring>
                </imsmd:value>
              </imsmd:role>
              <imsmd:entity>
                <imsmd:vcard>BEGIN:VCARD VERSION:3.0 N:sne; FN: sne ORG: URL: TITLE:
                TEL;TYPE=WORK,VOICE:
                ADR;TYPE=intl,postal,parcel,work:;;;;;;EMAIL;TYPE=PREF,INTERNET:
                END:VCARD</imsmd:vcard>
              </imsmd:entity>
            </imsmd:contribute>
          </imsmd:lifecycle>
        </imsmd:lom>
      </imsmd:metadata>
      <imscp:file href="S2_1244872826.xml" />
    </imscp:resource>
    <imscp:resource identifier="E2_939841979" type="imsqti_item_xmlv2p1" href="E2_939841979.xml">
      <imsmd:metadata>
        <imsmd:lom>
          <imsmd:general>
            <imsmd:identifier>E2_939841979</imsmd:identifier>
            <imsmd:title>
              <imsmd:langstring>E2</imsmd:langstring>
            </imsmd:title>
            <imsmd:language>de</imsmd:language>
            <imsmd:keyword>
              <imsmd:langstring>qt1</imsmd:langstring>
            </imsmd:keyword>
          </imsmd:general>
          <imsmd:lifecycle>
            <imsmd:contribute>
              <imsmd:role>
                <imsmd:source>
                  <imsmd:langstring lang="en">LOMv1.0</imsmd:langstring>
                </imsmd:source>
                <imsmd:value>
                  <imsmd:langstring lang="en">author</imsmd:langstring>
                </imsmd:value>
              </imsmd:role>
              <imsmd:entity>
                <imsmd:vcard>BEGIN:VCARD VERSION:3.0 N:sne; FN: sne ORG: URL: TITLE:
                TEL;TYPE=WORK,VOICE:
                ADR;TYPE=intl,postal,parcel,work:;;;;;;EMAIL;TYPE=PREF,INTERNET:
                END:VCARD</imsmd:vcard>
              </imsmd:entity>
            </imsmd:contribute>
          </imsmd:lifecycle>
        </imsmd:lom>
      </imsmd:metadata>
      <imscp:file href="E2_939841979.xml" />
    </imscp:resource>
    <imscp:resource identifier="C2_771393822" type="imsqti_item_xmlv2p1" href="C2_771393822.xml">
      <imsmd:metadata>
        <imsmd:lom>
          <imsmd:general>
            <imsmd:identifier>C2_771393822</imsmd:identifier>
            <imsmd:title>
              <imsmd:langstring>C2</imsmd:langstring>
            </imsmd:title>
            <imsmd:language>de</imsmd:language>
            <imsmd:keyword>
              <imsmd:langstring>qt1</imsmd:langstring>
            </imsmd:keyword>
          </imsmd:general>
          <imsmd:lifecycle>
            <imsmd:contribute>
              <imsmd:role>
                <imsmd:source>
                  <imsmd:langstring lang="en">LOMv1.0</imsmd:langstring>
                </imsmd:source>
                <imsmd:value>
                  <imsmd:langstring lang="en">author</imsmd:langstring>
                </imsmd:value>
              </imsmd:role>
              <imsmd:entity>
                <imsmd:vcard>BEGIN:VCARD VERSION:3.0 N:sne; FN: sne ORG: URL: TITLE:
                TEL;TYPE=WORK,VOICE:
                ADR;TYPE=intl,postal,parcel,work:;;;;;;EMAIL;TYPE=PREF,INTERNET:
                END:VCARD</imsmd:vcard>
              </imsmd:entity>
            </imsmd:contribute>
          </imsmd:lifecycle>
        </imsmd:lom>
      </imsmd:metadata>
      <imscp:file href="C2_771393822.xml" />
    </imscp:resource>
    <imscp:resource identifier="N1_1594459497" type="imsqti_item_xmlv2p1" href="N1_1594459497.xml">
      <imsmd:metadata>
        <imsmd:lom>
          <imsmd:general>
            <imsmd:identifier>N1_1594459497</imsmd:identifier>
            <imsmd:title>
              <imsmd:langstring>N1</imsmd:langstring>
            </imsmd:title>
            <imsmd:language>de</imsmd:language>
            <imsmd:keyword>
              <imsmd:langstring>qt2</imsmd:langstring>
            </imsmd:keyword>
          </imsmd:general>
          <imsmd:lifecycle>
            <imsmd:contribute>
              <imsmd:role>
                <imsmd:source>
                  <imsmd:langstring lang="en">LOMv1.0</imsmd:langstring>
                </imsmd:source>
                <imsmd:value>
                  <imsmd:langstring lang="en">author</imsmd:langstring>
                </imsmd:value>
              </imsmd:role>
              <imsmd:entity>
                <imsmd:vcard>BEGIN:VCARD VERSION:3.0 N:sne; FN: sne ORG: URL: TITLE:
                TEL;TYPE=WORK,VOICE:
                ADR;TYPE=intl,postal,parcel,work:;;;;;;EMAIL;TYPE=PREF,INTERNET:
                END:VCARD</imsmd:vcard>
              </imsmd:entity>
            </imsmd:contribute>
          </imsmd:lifecycle>
        </imsmd:lom>
      </imsmd:metadata>
      <imscp:file href="N1_1594459497.xml" />
    </imscp:resource>
    <imscp:resource identifier="K2_94098990" type="imsqti_item_xmlv2p1" href="K2_94098990.xml">
      <imsmd:metadata>
        <imsmd:lom>
          <imsmd:general>
            <imsmd:identifier>K2_94098990</imsmd:identifier>
            <imsmd:title>
              <imsmd:langstring>K2</imsmd:langstring>
            </imsmd:title>
            <imsmd:language>de</imsmd:language>
            <imsmd:keyword>
              <imsmd:langstring>qt2</imsmd:langstring>
            </imsmd:keyword>
          </imsmd:general>
          <imsmd:lifecycle>
            <imsmd:contribute>
              <imsmd:role>
                <imsmd:source>
                  <imsmd:langstring lang="en">LOMv1.0</imsmd:langstring>
                </imsmd:source>
                <imsmd:value>
                  <imsmd:langstring lang="en">author</imsmd:langstring>
                </imsmd:value>
              </imsmd:role>
              <imsmd:entity>
                <imsmd:vcard>BEGIN:VCARD VERSION:3.0 N:sne; FN: sne ORG: URL: TITLE:
                TEL;TYPE=WORK,VOICE:
                ADR;TYPE=intl,postal,parcel,work:;;;;;;EMAIL;TYPE=PREF,INTERNET:
                END:VCARD</imsmd:vcard>
              </imsmd:entity>
            </imsmd:contribute>
          </imsmd:lifecycle>
        </imsmd:lom>
      </imsmd:metadata>
      <imscp:file href="K2_94098990.xml" />
    </imscp:resource>
    <imscp:resource identifier="O6_1690894260" type="imsqti_item_xmlv2p1" href="O6_1690894260.xml">
      <imsmd:metadata>
        <imsmd:lom>
          <imsmd:general>
            <imsmd:identifier>O6_1690894260</imsmd:identifier>
            <imsmd:title>
              <imsmd:langstring>O6</imsmd:langstring>
            </imsmd:title>
            <imsmd:language>de</imsmd:language>
            <imsmd:keyword>
              <imsmd:langstring>qt2</imsmd:langstring>
            </imsmd:keyword>
          </imsmd:general>
          <imsmd:lifecycle>
            <imsmd:contribute>
              <imsmd:role>
                <imsmd:source>
                  <imsmd:langstring lang="en">LOMv1.0</imsmd:langstring>
                </imsmd:source>
                <imsmd:value>
                  <imsmd:langstring lang="en">author</imsmd:langstring>
                </imsmd:value>
              </imsmd:role>
              <imsmd:entity>
                <imsmd:vcard>BEGIN:VCARD VERSION:3.0 N:sne; FN: sne ORG: URL: TITLE:
                TEL;TYPE=WORK,VOICE:
                ADR;TYPE=intl,postal,parcel,work:;;;;;;EMAIL;TYPE=PREF,INTERNET:
                END:VCARD</imsmd:vcard>
              </imsmd:entity>
            </imsmd:contribute>
          </imsmd:lifecycle>
        </imsmd:lom>
      </imsmd:metadata>
      <imscp:file href="O6_1690894260.xml" />
    </imscp:resource>
    <imscp:resource identifier="P1_1791162331" type="imsqti_item_xmlv2p1" href="P1_1791162331.xml">
      <imsmd:metadata>
        <imsmd:lom>
          <imsmd:general>
            <imsmd:identifier>P1_1791162331</imsmd:identifier>
            <imsmd:title>
              <imsmd:langstring>P1</imsmd:langstring>
            </imsmd:title>
            <imsmd:language>de</imsmd:language>
            <imsmd:keyword>
              <imsmd:langstring>qt2</imsmd:langstring>
            </imsmd:keyword>
          </imsmd:general>
          <imsmd:lifecycle>
            <imsmd:contribute>
              <imsmd:role>
                <imsmd:source>
                  <imsmd:langstring lang="en">LOMv1.0</imsmd:langstring>
                </imsmd:source>
                <imsmd:value>
                  <imsmd:langstring lang="en">author</imsmd:langstring>
                </imsmd:value>
              </imsmd:role>
              <imsmd:entity>
                <imsmd:vcard>BEGIN:VCARD VERSION:3.0 N:sne; FN: sne ORG: URL: TITLE:
                TEL;TYPE=WORK,VOICE:
                ADR;TYPE=intl,postal,parcel,work:;;;;;;EMAIL;TYPE=PREF,INTERNET:
                END:VCARD</imsmd:vcard>
              </imsmd:entity>
            </imsmd:contribute>
          </imsmd:lifecycle>
        </imsmd:lom>
      </imsmd:metadata>
      <imscp:file href="P1_1791162331.xml" />
    </imscp:resource>
    <imscp:resource identifier="L8_1637610272" type="imsqti_item_xmlv2p1" href="L8_1637610272.xml">
      <imsmd:metadata>
        <imsmd:lom>
          <imsmd:general>
            <imsmd:identifier>L8_1637610272</imsmd:identifier>
            <imsmd:title>
              <imsmd:langstring>L8</imsmd:langstring>
            </imsmd:title>
            <imsmd:language>de</imsmd:language>
            <imsmd:keyword>
              <imsmd:langstring>qt2</imsmd:langstring>
            </imsmd:keyword>
          </imsmd:general>
          <imsmd:lifecycle>
            <imsmd:contribute>
              <imsmd:role>
                <imsmd:source>
                  <imsmd:langstring lang="en">LOMv1.0</imsmd:langstring>
                </imsmd:source>
                <imsmd:value>
                  <imsmd:langstring lang="en">author</imsmd:langstring>
                </imsmd:value>
              </imsmd:role>
              <imsmd:entity>
                <imsmd:vcard>BEGIN:VCARD VERSION:3.0 N:sne; FN: sne ORG: URL: TITLE:
                TEL;TYPE=WORK,VOICE:
                ADR;TYPE=intl,postal,parcel,work:;;;;;;EMAIL;TYPE=PREF,INTERNET:
                END:VCARD</imsmd:vcard>
              </imsmd:entity>
            </imsmd:contribute>
          </imsmd:lifecycle>
        </imsmd:lom>
      </imsmd:metadata>
      <imscp:file href="L8_1637610272.xml" />
    </imscp:resource>
    <imscp:resource identifier="S1_1558803697" type="imsqti_item_xmlv2p1" href="S1_1558803697.xml">
      <imsmd:metadata>
        <imsmd:lom>
          <imsmd:general>
            <imsmd:identifier>S1_1558803697</imsmd:identifier>
            <imsmd:title>
              <imsmd:langstring>S1</imsmd:langstring>
            </imsmd:title>
            <imsmd:language>de</imsmd:language>
            <imsmd:keyword>
              <imsmd:langstring>qt2</imsmd:langstring>
            </imsmd:keyword>
          </imsmd:general>
          <imsmd:lifecycle>
            <imsmd:contribute>
              <imsmd:role>
                <imsmd:source>
                  <imsmd:langstring lang="en">LOMv1.0</imsmd:langstring>
                </imsmd:source>
                <imsmd:value>
                  <imsmd:langstring lang="en">author</imsmd:langstring>
                </imsmd:value>
              </imsmd:role>
              <imsmd:entity>
                <imsmd:vcard>BEGIN:VCARD VERSION:3.0 N:sne; FN: sne ORG: URL: TITLE:
                TEL;TYPE=WORK,VOICE:
                ADR;TYPE=intl,postal,parcel,work:;;;;;;EMAIL;TYPE=PREF,INTERNET:
                END:VCARD</imsmd:vcard>
              </imsmd:entity>
            </imsmd:contribute>
          </imsmd:lifecycle>
        </imsmd:lom>
      </imsmd:metadata>
      <imscp:file href="S1_1558803697.xml" />
    </imscp:resource>
    <imscp:resource identifier="LogischesSchlussfolgernVerbal4_431869217"
    type="imsqti_item_xmlv2p1" href="LogischesSchlussfolgernVerbal4_431869217.xml">
      <imsmd:metadata>
        <imsmd:lom>
          <imsmd:general>
            <imsmd:identifier>LogischesSchlussfolgernVerbal4_431869217</imsmd:identifier>
            <imsmd:title>
              <imsmd:langstring>Logisches Schlussfolgern_verbal_4</imsmd:langstring>
            </imsmd:title>
            <imsmd:language>de</imsmd:language>
            <imsmd:keyword>
              <imsmd:langstring>qt3</imsmd:langstring>
            </imsmd:keyword>
          </imsmd:general>
          <imsmd:lifecycle>
            <imsmd:contribute>
              <imsmd:role>
                <imsmd:source>
                  <imsmd:langstring lang="en">LOMv1.0</imsmd:langstring>
                </imsmd:source>
                <imsmd:value>
                  <imsmd:langstring lang="en">author</imsmd:langstring>
                </imsmd:value>
              </imsmd:role>
              <imsmd:entity>
                <imsmd:vcard>BEGIN:VCARD VERSION:3.0 N:sne; FN: sne ORG: URL: TITLE:
                TEL;TYPE=WORK,VOICE:
                ADR;TYPE=intl,postal,parcel,work:;;;;;;EMAIL;TYPE=PREF,INTERNET:
                END:VCARD</imsmd:vcard>
              </imsmd:entity>
            </imsmd:contribute>
          </imsmd:lifecycle>
        </imsmd:lom>
      </imsmd:metadata>
      <imscp:file href="LogischesSchlussfolgernVerbal4_431869217.xml" />
    </imscp:resource>
    <imscp:resource identifier="LogischesSchlussfolgernFigural1_184709808"
    type="imsqti_item_xmlv2p1" href="LogischesSchlussfolgernFigural1_184709808.xml">
      <imsmd:metadata>
        <imsmd:lom>
          <imsmd:general>
            <imsmd:identifier>LogischesSchlussfolgernFigural1_184709808</imsmd:identifier>
            <imsmd:title>
              <imsmd:langstring>Logisches Schlussfolgern_figural_1</imsmd:langstring>
            </imsmd:title>
            <imsmd:language>de</imsmd:language>
            <imsmd:keyword>
              <imsmd:langstring>qt8</imsmd:langstring>
            </imsmd:keyword>
          </imsmd:general>
          <imsmd:lifecycle>
            <imsmd:contribute>
              <imsmd:role>
                <imsmd:source>
                  <imsmd:langstring lang="en">LOMv1.0</imsmd:langstring>
                </imsmd:source>
                <imsmd:value>
                  <imsmd:langstring lang="en">author</imsmd:langstring>
                </imsmd:value>
              </imsmd:role>
              <imsmd:entity>
                <imsmd:vcard>BEGIN:VCARD VERSION:3.0 N:sne; FN: sne ORG: URL: TITLE:
                TEL;TYPE=WORK,VOICE:
                ADR;TYPE=intl,postal,parcel,work:;;;;;;EMAIL;TYPE=PREF,INTERNET:
                END:VCARD</imsmd:vcard>
              </imsmd:entity>
            </imsmd:contribute>
          </imsmd:lifecycle>
        </imsmd:lom>
      </imsmd:metadata>
      <imscp:file href="LogischesSchlussfolgernFigural1_184709808.xml" />
    </imscp:resource>
  </imscp:resources>
</imscp:manifest>

