<?xml version="1.0" encoding="UTF-8"?>
<!--This file was created using: Onyx Editor, Version 3.6 (Full, licensed by Virtueller Campus Rheinland Pfalz), (c)2012 BPS Bildungsportal Sachsen GmbH--><assessmentItem xmlns="http://www.imsglobal.org/xsd/imsqti_v2p1" xmlns:xsi="http://www.w3.org/2001/XMLSchema-instance" xsi:schemaLocation="http://www.imsglobal.org/xsd/imsqti_v2p1 imsqti_v2p1.xsd" identifier="LogischesSchlussfolgernFigural1_184709808" title="Logisches Schlussfolgern_figural_1" adaptive="false" timeDependent="false"><responseDeclaration identifier="RESPONSE_1726072" cardinality="single" baseType="identifier"><correctResponse><value>choice_866157542</value></correctResponse></responseDeclaration><outcomeDeclaration identifier="SCORE" cardinality="single" baseType="float"><defaultValue><value>0</value></defaultValue></outcomeDeclaration><outcomeDeclaration identifier="MAXSCORE" cardinality="single" baseType="float"><defaultValue><value>1</value></defaultValue></outcomeDeclaration><outcomeDeclaration identifier="FEEDBACKBASIC" cardinality="single" baseType="identifier"><defaultValue><value>empty</value></defaultValue></outcomeDeclaration><itemBody><p xmlns="">Finden Sie die Regel und wählen Sie das Quadrat aus, das Ihrer Meinung nach am besten in das noch leere Feld passt.</p><p xmlns=""><img xmlns="http://www.imsglobal.org/xsd/imsqti_v2p1" src="media/989f8f9617f5404b876e534018fa8bec.png" alt="" /></p><choiceInteraction responseIdentifier="RESPONSE_1726072" shuffle="false" maxChoices="1" minChoices="1" orientation="horizontal"><simpleChoice identifier="choice_866157542"><img src="media/1994afcea99e484fbcc37827cd0ff460.png" alt="" /></simpleChoice><simpleChoice identifier="choice_1714680793"><img src="media/74c8950358874ac497499c3664568e7b.png" alt="" /></simpleChoice><simpleChoice identifier="choice_1108317937"><img src="media/df631cecc9a4487b9dc2cc1801f58e4e.png" alt="" /></simpleChoice><simpleChoice identifier="choice_1251788719"><img src="media/e315bdd860ba496f86ec4e6b52275058.png" alt="" /></simpleChoice><simpleChoice identifier="choice_414245235"><img src="media/a97d7d786add4086bfc09d0bb5463fae.png" alt="" /></simpleChoice></choiceInteraction></itemBody><responseProcessing><responseCondition><responseIf><isNull><variable identifier="RESPONSE_1726072" /></isNull><setOutcomeValue identifier="FEEDBACKBASIC"><baseValue baseType="identifier">empty</baseValue></setOutcomeValue></responseIf><responseElseIf><match><variable identifier="RESPONSE_1726072" /><correct identifier="RESPONSE_1726072" /></match><setOutcomeValue identifier="SCORE"><sum><variable identifier="SCORE" /><variable identifier="MAXSCORE" /></sum></setOutcomeValue><setOutcomeValue identifier="FEEDBACKBASIC"><baseValue baseType="identifier">correct</baseValue></setOutcomeValue></responseElseIf><responseElse><setOutcomeValue identifier="FEEDBACKBASIC"><baseValue baseType="identifier">incorrect</baseValue></setOutcomeValue></responseElse></responseCondition></responseProcessing></assessmentItem>
