<?xml version="1.0" encoding="UTF-8"?>
<!--This file was created using: Onyx Editor, Version 3.6 (Full, licensed by Virtueller Campus Rheinland Pfalz), (c)2012 BPS Bildungsportal Sachsen GmbH--><assessmentTest xmlns="http://www.imsglobal.org/xsd/imsqti_v2p1" xmlns:xsi="http://www.w3.org/2001/XMLSchema-instance" xsi:schemaLocation="http://www.imsglobal.org/xsd/imsqti_v2p1 imsqti_v2p1.xsd" identifier="Temp_1999502595" title="questtypes templates"><outcomeDeclaration identifier="SCORE" cardinality="single" baseType="float"><defaultValue><value>0</value></defaultValue></outcomeDeclaration><outcomeDeclaration identifier="MAXSCORE" cardinality="single" baseType="float"><defaultValue><value>2</value></defaultValue></outcomeDeclaration><testPart identifier="testpartID" navigationMode="nonlinear" submissionMode="individual"><assessmentSection identifier="Lates_1587342654" fixed="false" title="qt1" visible="true"><rubricBlock view="candidate"><p xmlns=""><font size="3" face="times new roman">Bitte markieren Sie die zutreffende Aussage für die folgenden Tätigkeiten </font></p><ol xmlns=""><li><div><font size="3" face="times new roman">Das interessiert mich sehr; Das tue ich sehr gerne, </font></div></li><li><div><font size="3" face="times new roman">Das interessiert mich ziemlich, </font></div></li><li><div><font size="3" face="times new roman">Das interessiert mich etwas,</font></div></li><li><div><font size="3" face="times new roman">Das interessiert mich wenig, </font></div></li><li><div><font size="3" face="times new roman">Das interessiert mich gar nicht; Das tue ich nicht gerne</font></div></li></ol></rubricBlock><assessmentItemRef identifier="R3_731486582" href="R3_731486582.xml" fixed="false" /><assessmentItemRef identifier="S2_1244872826" href="S2_1244872826.xml" fixed="false" /><assessmentItemRef identifier="E2_939841979" href="E2_939841979.xml" fixed="false" /><assessmentItemRef identifier="C2_771393822" href="C2_771393822.xml" fixed="false" /></assessmentSection><assessmentSection identifier="2_602434407" fixed="false" title="qt2" visible="true"><rubricBlock view="candidate"><p xmlns="">Bitte markieren Sie die zutreffende Aussage:</p><p xmlns=""> (trifft überhaupt nicht zu) bis 5 (trifft voll und ganz zu)</p></rubricBlock><assessmentItemRef identifier="N1_1594459497" href="N1_1594459497.xml" fixed="false" /><assessmentItemRef identifier="K2_94098990" href="K2_94098990.xml" fixed="false" /><assessmentItemRef identifier="O6_1690894260" href="O6_1690894260.xml" fixed="false" /><assessmentItemRef identifier="P1_1791162331" href="P1_1791162331.xml" fixed="false" /><assessmentItemRef identifier="L8_1637610272" href="L8_1637610272.xml" fixed="false" /><assessmentItemRef identifier="S1_1558803697" href="S1_1558803697.xml" fixed="false" /></assessmentSection><assessmentSection identifier="3_1126540669" fixed="false" title="qt3" visible="true"><assessmentItemRef identifier="LogischesSchlussfolgernVerbal4_431869217" href="LogischesSchlussfolgernVerbal4_431869217.xml" fixed="false" /></assessmentSection><assessmentSection identifier="8_1302768118" fixed="false" title="qt8" visible="true"><assessmentItemRef identifier="LogischesSchlussfolgernFigural1_184709808" href="LogischesSchlussfolgernFigural1_184709808.xml" fixed="false" /></assessmentSection></testPart><outcomeProcessing><setOutcomeValue identifier="SCORE"><sum><testVariables variableIdentifier="SCORE" /></sum></setOutcomeValue></outcomeProcessing></assessmentTest>
